,contract_id,starts_on,company_id,first_disb_date,grace_period_days,max_disposition_percentage,projection_uuid,projected_financing_days,principal_amount,take_rate,min_daily_payment,max_daily_payment,disbursement_fee,blended_contract_id,projection_method,payment_model,product_type,platforms,sat_conn,first_dd_date,sat_declaration_rate,total_sat_rate,avr_cf_l3m,avr_cf_l6m,avr_cf_l12m,avr_gross_m_l3m,avr_gross_m_l6m,avr_gross_m_l12m,avr_net_m_l3m,avr_net_m_l6m,avr_net_m_l12m,av_itmes_l3m,av_itmes_l6m,av_itmes_l12m,av_amount_l3m,av_amount_l6m,av_amount_l12m,moratory_av_itmes_l3m,moratory_av_itmes_l6m,moratory_av_itmes_l12m,moratory_av_amount_l3m,moratory_av_amount_l6m,moratory_av_amount_l12m,meli_fin_var,peg_invoicing,concentration_clients,data_sat_days,l3m_total_employees,l6m_total_employees,l12m_total_employees
0,96d82727-bf84-461d-8865-c8fd44756656,2021-11-09,ccec5a3c-6782-43f2-94e7-e67806266c8b,2021-11-10,60,1.0,ac29f9a3-2d78-4314-ba6f-3726c68b3558,180,8000000.0,0.0,60000.0,60000.0,0.1,0,0,fixed-payments,working-capital,2,1,2022-01-09,0.0,0.0,0.0,0.0,0.0,0.0,0.0,0.0,0.0,0.0,0.0,0.0,0.0,0.0,0.0,0.0,0.0,0.0,0.0,0.0,0.0,0.0,0.0,0.0,0.0,0.0,0.0,0.0,0.0,0.0
1,ccdd3310-c113-48e5-8e29-44f4144e52db,2022-04-01,eed9eecf-0368-4bdd-8bf4-7af5d020b577,2022-04-11,30,0.34,8387f61e-afce-4521-b757-ffaa53a955c0,270,2000000.0,0.18,7500.0,11000.0,0.107,0,0,revenue-based-capped,working-capital,2,1,2022-05-11,0.0,0.0,0.0,0.0,0.0,0.0,0.0,0.0,0.0,0.0,0.0,0.0,0.0,0.0,0.0,0.0,0.0,0.0,0.0,0.0,0.0,0.0,0.0,0.0,0.0,0.0,0.0,0.0,0.0,0.0
2,707cf953-e332-476a-9daf-3f5ba2646482,2021-12-01,656583a6-47fa-4164-9369-3e70f91b03ba,2021-12-08,30,1.0,54a41f75-abda-4dd8-8530-d9eca797291b,120,12000000.0,0.0,108650.0,108650.0,0.0745,0,0,fixed-payments,working-capital,1,1,2022-01-07,0.0,0.0,0.0,0.0,0.0,0.0,0.0,0.0,0.0,0.0,0.0,0.0,0.0,0.0,0.0,0.0,0.0,0.0,0.0,0.0,0.0,0.0,0.0,0.0,0.0,0.0,0.0,0.0,0.0,0.0
3,69ffdc3f-9076-4822-bad8-4d3ad64273e0,2021-11-09,e8b94d3b-9e55-4b40-9dcc-d26883a6d235,2021-11-12,30,0.35,a7aa2f25-6030-426e-b50e-d70649aa54d8,270,1000000.0,0.255,4620.0,6700.0,0.135,76b172ec-4b5e-4779-b048-4b1c112a2db6,0,revenue-based-capped,working-capital,1,1,2021-12-12,0.0,0.0,0.0,0.0,0.0,0.0,0.0,0.0,0.0,0.0,0.0,0.0,0.0,0.0,0.0,0.0,0.0,0.0,0.0,0.0,0.0,0.0,0.0,0.0,0.0,0.0,0.0,0.0,0.0,0.0
4,1d881bc8-79a4-44ea-a737-0a81682ebca3,2021-11-01,1e48d4fc-ca77-4dd1-b927-68ea77611014,2021-11-03,45,0.3333,f023cdb1-48df-4a05-9b49-1b2deda5cf14,300,1500000.0,0.14,5870.0,7100.0,0.114,0,0,revenue-based-capped,working-capital,1,1,2021-12-18,0.0,0.0,0.0,0.0,0.0,0.0,0.0,0.0,0.0,0.0,0.0,0.0,0.0,0.0,0.0,0.0,0.0,0.0,0.0,0.0,0.0,0.0,0.0,0.0,0.0,0.0,0.0,0.0,0.0,0.0
7,06ab117b-1878-4ab0-8772-4d6c9b8462da,2022-03-31,06e9c874-f5e1-4f43-a153-1cfb1a166970,2022-04-13,30,0.4,4de41c33-9d06-4a61-80c5-cb8f31092140,270,1500000.0,0.0,7000.0,7000.0,0.108,0,0,fixed-payments,working-capital,2,1,2022-05-13,0.0,0.0,0.0,0.0,0.0,0.0,0.0,0.0,0.0,0.0,0.0,0.0,0.0,0.0,0.0,0.0,0.0,0.0,0.0,0.0,0.0,0.0,0.0,0.0,0.0,0.0,0.0,0.0,0.0,0.0
8,151457f5-b560-48cf-b5e1-fd4a11b3afa6,2022-04-27,5184d8f8-894d-417a-81fa-27196315db69,2022-04-29,45,0.4,3a3a8176-6ecc-4b06-a4db-73fd17f83963,300,25000000.0,0.0,111402.0,111402.0,0.1175,0,cs,fixed-payments,working-capital,3,1,2022-06-13,0.0,0.0,0.0,0.0,0.0,0.0,0.0,0.0,0.0,0.0,0.0,0.0,0.0,0.0,0.0,0.0,0.0,0.0,0.0,0.0,0.0,0.0,0.0,0.0,0.0,0.0,0.0,0.0,0.0,0.0
10,d80c37c7-5377-4cb5-ab9e-04a6633831ef,2022-07-19,b9e7a320-64fb-4f7e-a3a7-c5aec46665c1,2022-07-28,30,0.34,55c0d713-e0be-43d2-ac12-61c60eebe09b,270,3500000.0,0.168,14000.0,21000.0,0.107,0,rp,revenue-based-capped,working-capital,1,1,2022-08-27,0.0,0.0,0.0,0.0,0.0,0.0,0.0,0.0,0.0,0.0,0.0,0.0,0.0,0.0,0.0,0.0,0.0,0.0,0.0,0.0,0.0,0.0,0.0,0.0,0.0,0.0,0.0,0.0,0.0,0.0
11,685e0fd7-dae3-492b-a4ee-24afa404bb45,2022-03-31,b7e232c6-462e-4b0d-9f7a-c4135d67c825,2022-04-12,30,0.35,791e11b7-a9a8-48f4-bfa9-1e21ef3a23bf,270,2000000.0,0.0,9250.0,9250.0,0.104,0,0,fixed-payments,working-capital,1,1,2022-05-12,0.0,0.0,0.0,0.0,0.0,0.0,0.0,0.0,0.0,0.0,0.0,0.0,0.0,0.0,0.0,0.0,0.0,0.0,0.0,0.0,0.0,0.0,0.0,0.0,0.0,0.0,0.0,0.0,0.0,0.0
12,8c7e38dc-c240-42ac-a6df-056bdff6b4bd,2022-01-20,daf49023-137c-4c90-9049-f5917fb7a673,2022-01-27,30,0.5,79b74766-ccad-4fa0-926a-ac7639986209,150,5000000.0,0.0,30581.11,30581.11,0.087,0,0,fixed-payments,working-capital,1,1,2022-02-26,0.0,0.0,0.0,0.0,0.0,0.0,0.0,0.0,0.0,0.0,0.0,0.0,0.0,0.0,0.0,0.0,0.0,0.0,0.0,0.0,0.0,0.0,0.0,0.0,0.0,0.0,0.0,0.0,0.0,0.0
13,be0ef56e-07e7-4c0a-bc8a-39ad3565b118,2022-07-06,3b0c991e-3b7c-44f5-afdb-1b539bfaaf00,2022-07-13,30,0.4,65562ffb-3a23-4b61-a755-d86af9547055,270,1600000.0,0.205,6700.0,8100.0,0.109,0,rp,revenue-based-capped,working-capital,1,1,2022-08-12,0.0,0.0,0.0,0.0,0.0,0.0,0.0,0.0,0.0,0.0,0.0,0.0,0.0,0.0,0.0,0.0,0.0,0.0,0.0,0.0,0.0,0.0,0.0,0.0,0.0,0.0,0.0,0.0,0.0,0.0
14,6cd3272e-572c-4fd7-9401-11e6b33987e3,2022-04-27,cbb24128-21c4-48ed-9438-ad9115a683e4,2022-05-23,30,0.25,edcbbe6a-81f0-4773-bd88-1fc22ae62cb6,270,350000.0,0.0,1650.0,1650.0,0.125,0,sp,fixed-payments,working-capital,1,1,2022-06-22,0.0,0.0,0.0,0.0,0.0,0.0,0.0,0.0,0.0,0.0,0.0,0.0,0.0,0.0,0.0,0.0,0.0,0.0,0.0,0.0,0.0,0.0,0.0,0.0,0.0,0.0,0.0,0.0,0.0,0.0
15,c19e8ba3-0e72-4cf7-bb5c-ab7dd5417138,2021-12-17,dc9a7a7a-f7de-490c-aa22-f932e0d4199a,2021-12-28,60,0.6,ce8e6e61-344a-4c3d-92d9-8f91f08be555,210,15000000.0,0.29,80000.0,100000.0,0.1035,0,0,revenue-based-capped,working-capital,1,1,2022-02-26,0.0,0.0,0.0,0.0,0.0,0.0,0.0,0.0,0.0,0.0,0.0,0.0,0.0,0.0,0.0,0.0,0.0,0.0,0.0,0.0,0.0,0.0,0.0,0.0,0.0,0.0,0.0,0.0,0.0,0.0
18,77441faf-27dc-42db-9f07-035e50ab89ca,2022-04-01,da3dacc1-571b-4595-a233-e872ea681692,2022-04-20,30,0.33,2fafbadb-4b71-48e4-b8e2-3d8f99191355,270,600000.0,0.145,2450.0,3200.0,0.1143,0,0,revenue-based-capped,working-capital,2,1,2022-05-20,0.0,0.0,0.0,0.0,0.0,0.0,0.0,0.0,0.0,0.0,0.0,0.0,0.0,0.0,0.0,0.0,0.0,0.0,0.0,0.0,0.0,0.0,0.0,0.0,0.0,0.0,0.0,0.0,0.0,0.0
19,c78eb80d-ade2-4cc5-b220-3980050ab22b,2021-11-24,ee1570fe-5600-4293-a0f2-68d1c8f2d962,2021-11-29,30,0.33,aa9c2859-2978-4e2a-9bf7-ffd60aafa901,240,2900000.0,0.0,11000.0,11000.0,0.122,0,0,fixed-payments,working-capital,2,1,2021-12-29,0.0,0.0,0.0,0.0,0.0,0.0,0.0,0.0,0.0,0.0,0.0,0.0,0.0,0.0,0.0,0.0,0.0,0.0,0.0,0.0,0.0,0.0,0.0,0.0,0.0,0.0,0.0,0.0,0.0,0.0
20,a542703a-092a-4a5e-96b7-55c77fae1fa2,2022-03-30,d5dc5f34-060b-4f1f-9921-845218ea0446,2022-04-13,30,0.35,193312bf-d7d9-420f-909f-25064fa1bc62,270,220000.0,0.019,940.0,1100.0,0.153,0,0,revenue-based-capped,working-capital,2,1,2022-05-13,0.0,0.0,0.0,0.0,0.0,0.0,0.0,0.0,0.0,0.0,0.0,0.0,0.0,0.0,0.0,0.0,0.0,0.0,0.0,0.0,0.0,0.0,0.0,0.0,0.0,0.0,0.0,0.0,0.0,0.0
21,87ac7239-1fce-4ccb-9eab-eb7cad6f89b1,2021-10-28,ea0ac631-1e55-49f0-ad37-3e17c124fabb,2021-11-12,30,0.5,3b6c0e2b-da42-4fc1-91d4-fa3d15132c41,210,400000.0,0.25,1800.0,2200.0,0.14,0,0,revenue-based-capped,working-capital,1,1,2021-12-12,0.0,0.0,0.0,0.0,0.0,0.0,0.0,0.0,0.0,0.0,0.0,0.0,0.0,0.0,0.0,0.0,0.0,0.0,0.0,0.0,0.0,0.0,0.0,0.0,0.0,0.0,0.0,0.0,0.0,0.0
22,8104b49b-769b-47da-86e3-5404351bc4f5,2022-07-12,40bccbbe-74e0-4271-af9f-39143b510de3,2022-07-19,30,0.3,78b70966-6f5c-4162-b9fd-e5b74fac8816,270,2100000.0,0.195,8750.0,11000.0,0.102,0,rp,revenue-based-capped,working-capital,1,1,2022-08-18,0.0,0.0,0.0,0.0,0.0,0.0,0.0,0.0,0.0,0.0,0.0,0.0,0.0,0.0,0.0,0.0,0.0,0.0,0.0,0.0,0.0,0.0,0.0,0.0,0.0,0.0,0.0,0.0,0.0,0.0
24,ad3a06c4-2d3d-4b9e-ad93-b425ae019fbf,2022-02-09,90e7fe2b-1136-41fe-97c0-93059c1f4087,2022-02-17,30,0.5,06314c40-236d-4b52-a856-c512c44019ef,150,2500000.0,0.0,15200.0,15200.0,0.094,0,0,fixed-payments,working-capital,1,1,2022-03-19,0.0,0.0,0.0,0.0,0.0,0.0,0.0,0.0,0.0,0.0,0.0,0.0,0.0,0.0,0.0,0.0,0.0,0.0,0.0,0.0,0.0,0.0,0.0,0.0,0.0,0.0,0.0,0.0,0.0,0.0
25,12fb24e3-7960-41c4-8d1b-c623292551a7,2021-11-29,e5e7e590-44b6-44c8-a9b2-61852b916d99,2021-12-03,30,0.25,2e64ab99-409b-4312-a7cd-d432cdfb3952,180,1000000.0,0.089,3365.0,4405.0,0.125,0,0,revenue-based-capped,working-capital,1,1,2022-01-02,0.0,0.0,0.0,0.0,0.0,0.0,0.0,0.0,0.0,0.0,0.0,0.0,0.0,0.0,0.0,0.0,0.0,0.0,0.0,0.0,0.0,0.0,0.0,0.0,0.0,0.0,0.0,0.0,0.0,0.0
26,b58ffb34-27aa-49b1-a199-349f915f57b6,2021-11-11,c6530cf1-6942-4341-aa7a-36dfa3514de8,2021-11-12,30,1.0,aeceed09-389e-409b-bf19-918f1b3c1b92,90,3000000.0,0.0,52700.0,52700.0,0.054,0,0,fixed-payments,working-capital,2,1,2021-12-12,0.0,0.0,0.0,0.0,0.0,0.0,0.0,0.0,0.0,0.0,0.0,0.0,0.0,0.0,0.0,0.0,0.0,0.0,0.0,0.0,0.0,0.0,0.0,0.0,0.0,0.0,0.0,0.0,0.0,0.0
28,aeefcc29-2cf0-40b0-ad17-f4623160d72a,2022-07-20,0620e8a0-1bfb-4204-bc3a-bca0869c4a1e,2022-07-22,30,0.35,718b73f8-6100-4537-83a2-00fa3e7026e3,390,1200000.0,0.25,7800.0,8600.0,0.104,d56c5294-4ce7-4326-94a2-0488fa06a091,rp,revenue-based-capped,working-capital,3,1,2022-08-21,0.0,0.0,0.0,0.0,0.0,0.0,0.0,0.0,0.0,0.0,0.0,0.0,0.0,0.0,0.0,0.0,0.0,0.0,0.0,0.0,0.0,0.0,0.0,0.0,0.0,0.0,0.0,0.0,0.0,0.0
29,7fee5e00-1282-4397-b15b-17414cc6f4c6,2022-07-12,58f40e9c-9289-4e5e-ab26-69b64a1c66e1,2022-07-20,30,0.25,3cb6c068-e8e6-4bfa-a0df-87f8a04bb60d,270,800000.0,0.0,3690.0,3690.0,0.106,0,rp,fixed-payments,working-capital,2,1,2022-08-19,0.0,0.0,0.0,0.0,0.0,0.0,0.0,0.0,0.0,0.0,0.0,0.0,0.0,0.0,0.0,0.0,0.0,0.0,0.0,0.0,0.0,0.0,0.0,0.0,0.0,0.0,0.0,0.0,0.0,0.0
30,343476c8-3115-4d4f-a8e6-2d7245f3e5e3,2021-11-30,9737c777-fd37-4aba-a2ab-81f982b32589,2021-12-08,30,0.5,1081c0ea-1f17-40b1-b3ac-9751c51ababd,180,5000000.0,0.35,24000.0,31200.0,0.1025,0,0,revenue-based-capped,working-capital,1,1,2022-01-07,0.0,0.0,0.0,0.0,0.0,0.0,0.0,0.0,0.0,0.0,0.0,0.0,0.0,0.0,0.0,0.0,0.0,0.0,0.0,0.0,0.0,0.0,0.0,0.0,0.0,0.0,0.0,0.0,0.0,0.0
31,f1ee508f-7920-41ed-8cea-715147588629,2022-01-14,4739ef41-2326-456b-a540-e34d7cc908a8,2022-01-24,30,0.3333,475e9c94-ad27-4caa-8beb-9667aef2cd70,270,3000000.0,0.33,12700.0,17000.0,0.1,0,0,revenue-based-capped,working-capital,1,1,2022-02-23,0.0,0.0,0.0,0.0,0.0,0.0,0.0,0.0,0.0,0.0,0.0,0.0,0.0,0.0,0.0,0.0,0.0,0.0,0.0,0.0,0.0,0.0,0.0,0.0,0.0,0.0,0.0,0.0,0.0,0.0
32,7b1f4f74-babd-4d27-9fb0-8c53c9115065,2021-12-25,f8426154-e4bf-4174-9079-25080c3547e8,2022-01-04,45,0.45,bccdf924-cd64-47b1-afd1-a60c8064ef34,150,1200000.0,0.194,5800.0,7700.0,0.11,0,0,revenue-based-capped,working-capital,1,1,2022-02-18,0.0,0.0,0.0,0.0,0.0,0.0,0.0,0.0,0.0,0.0,0.0,0.0,0.0,0.0,0.0,0.0,0.0,0.0,0.0,0.0,0.0,0.0,0.0,0.0,0.0,0.0,0.0,0.0,0.0,0.0
33,b8f49522-c1b0-4ce9-a1a0-0ecbf418dfa0,2022-02-07,ba6be55d-f4a6-4bcf-80f1-039f3e726d0d,2022-02-16,30,0.5,0ff30f45-a696-408a-abb0-79240efd9e16,180,20000000.0,0.0,105291.43,105291.43,0.091,0,0,fixed-payments,working-capital,3,1,2022-03-18,0.0,0.0,0.0,0.0,0.0,0.0,0.0,0.0,0.0,0.0,0.0,0.0,0.0,0.0,0.0,0.0,0.0,0.0,0.0,0.0,0.0,0.0,0.0,0.0,0.0,0.0,0.0,0.0,0.0,0.0
34,1b89af58-302d-4157-8029-23dd4619e307,2022-02-09,1ae34be0-3cc7-469f-b2f3-0ae307a39d6a,2022-02-14,30,0.25,7b30fdcd-acd3-4e08-8586-4c64fea9be82,180,1000000.0,0.191,3620.0,4400.0,0.121,0,0,revenue-based-capped,working-capital,3,1,2022-03-16,0.0,0.0,0.0,0.0,0.0,0.0,0.0,0.0,0.0,0.0,0.0,0.0,0.0,0.0,0.0,0.0,0.0,0.0,0.0,0.0,0.0,0.0,0.0,0.0,0.0,0.0,0.0,0.0,0.0,0.0
36,06a718fd-062f-4f1c-97bc-41be73d5613c,2022-02-11,a395b737-00e3-404f-8050-8901c3ccfc16,2022-02-23,30,0.5,63f9a042-915a-4d4a-a33a-301b916fc071,210,1400000.0,0.3,6500.0,7900.0,0.112,0,0,revenue-based-capped,working-capital,2,1,2022-03-25,0.0,0.0,0.0,0.0,0.0,0.0,0.0,0.0,0.0,0.0,0.0,0.0,0.0,0.0,0.0,0.0,0.0,0.0,0.0,0.0,0.0,0.0,0.0,0.0,0.0,0.0,0.0,0.0,0.0,0.0
37,e56424f7-4b30-4cfe-91b5-95fcd215c763,2021-12-27,b87f4e31-8d29-42a5-924b-b4b571c9ad42,2022-01-04,45,0.3333,bd7abb35-dfc3-4e51-b8f2-cee9e0071534,120,7500000.0,0.0,45581.67,45581.67,0.081,0,0,fixed-payments,working-capital,1,1,2022-02-18,0.0,0.0,0.0,0.0,0.0,0.0,0.0,0.0,0.0,0.0,0.0,0.0,0.0,0.0,0.0,0.0,0.0,0.0,0.0,0.0,0.0,0.0,0.0,0.0,0.0,0.0,0.0,0.0,0.0,0.0
38,527bbeff-34ed-43a2-898d-461c9dea201b,2021-12-29,e9f5ee06-9029-4a49-923f-995829b39b8c,2022-01-04,30,1.0,f344121d-643c-4a24-9cef-76709217492b,150,1500000.0,0.0,28500.0,28500.0,0.083,fd2d90a5-5811-4825-8439-61092fc035f8,0,fixed-payments,working-capital,3,1,2022-02-03,0.0,0.0,0.0,0.0,0.0,0.0,0.0,0.0,0.0,0.0,0.0,0.0,0.0,0.0,0.0,0.0,0.0,0.0,0.0,0.0,0.0,0.0,0.0,0.0,0.0,0.0,0.0,0.0,0.0,0.0
39,12421f20-29d5-4e1d-9629-f435145c675b,2022-05-13,d1b258d1-9f86-4139-b9ce-de1d33e3434f,2022-05-23,30,0.35,81dc1c6e-3898-46b1-a163-b0caa8306b64,300,800000.0,0.0,3300.0,3300.0,0.11,0,rp,fixed-payments,working-capital,1,1,2022-06-22,0.0,0.0,0.0,0.0,0.0,0.0,0.0,0.0,0.0,0.0,0.0,0.0,0.0,0.0,0.0,0.0,0.0,0.0,0.0,0.0,0.0,0.0,0.0,0.0,0.0,0.0,0.0,0.0,0.0,0.0
42,f48eaa00-c6c9-4cd1-b162-e43637383077,2022-04-04,d0ec4b3d-1b03-4797-b753-84804538b1b4,2022-04-13,30,0.35,fd4cdc56-b9fb-48f8-ae78-0bac87ec7a51,270,1850000.0,0.0,8600.0,8600.0,0.1098,0,0,fixed-payments,working-capital,2,1,2022-05-13,0.0,0.0,0.0,0.0,0.0,0.0,0.0,0.0,0.0,0.0,0.0,0.0,0.0,0.0,0.0,0.0,0.0,0.0,0.0,0.0,0.0,0.0,0.0,0.0,0.0,0.0,0.0,0.0,0.0,0.0
45,6adc8373-f527-473c-8d07-6a4dde2c292c,2022-01-27,98caceea-29d7-427e-a534-84e43a95fd03,2022-02-08,30,0.33333,8ee8b2a5-2725-456f-8556-34711166fa69,240,840000.0,0.0,3250.0,3250.0,0.129,0,0,fixed-payments,working-capital,1,1,2022-03-10,0.0,0.0,0.0,0.0,0.0,0.0,0.0,0.0,0.0,0.0,0.0,0.0,0.0,0.0,0.0,0.0,0.0,0.0,0.0,0.0,0.0,0.0,0.0,0.0,0.0,0.0,0.0,0.0,0.0,0.0
48,c7267d94-3eee-4769-8965-8b852eff580e,2022-02-22,61c43c49-4a21-4362-9b1a-89de755bc8d6,2022-03-02,30,0.4,21bc1c99-4668-4aa4-a16b-d1435906b17b,210,2100000.0,0.25,8650.0,12000.0,0.116,0,0,revenue-based-capped,working-capital,2,1,2022-04-01,0.0,0.0,0.0,0.0,0.0,0.0,0.0,0.0,0.0,0.0,0.0,0.0,0.0,0.0,0.0,0.0,0.0,0.0,0.0,0.0,0.0,0.0,0.0,0.0,0.0,0.0,0.0,0.0,0.0,0.0
49,88276683-3c99-4305-9418-53a172987a69,2022-02-10,532ced59-1bcc-4b00-a8fb-3c812c9bc417,2022-02-16,30,0.43,37636954-1c67-4032-9f0f-ef0db58cc4dd,270,760000.0,0.19,3350.0,4350.0,0.11,0,0,revenue-based-capped,working-capital,2,1,2022-03-18,0.0,0.0,0.0,0.0,0.0,0.0,0.0,0.0,0.0,0.0,0.0,0.0,0.0,0.0,0.0,0.0,0.0,0.0,0.0,0.0,0.0,0.0,0.0,0.0,0.0,0.0,0.0,0.0,0.0,0.0
50,078294d3-5685-4a5a-8ca9-1559cc4abb95,2022-01-07,fff98a62-05b3-4628-aa5b-c0898ebf5bd6,2022-01-20,30,0.4,a2ca0703-1dc0-4e97-8705-c577d726c4ec,120,2000000.0,0.0,13227.0,13227.0,0.09,0,0,fixed-payments,working-capital,1,1,2022-02-19,0.0,0.0,0.0,0.0,0.0,0.0,0.0,0.0,0.0,0.0,0.0,0.0,0.0,0.0,0.0,0.0,0.0,0.0,0.0,0.0,0.0,0.0,0.0,0.0,0.0,0.0,0.0,0.0,0.0,0.0
52,05625e50-5f1d-4fc4-a2a7-873456ae9bd9,2022-01-20,d8b21a23-d5d6-429f-b5a7-b51f13f583bd,2022-02-18,30,0.3333,b00c68bb-aad8-4803-91fd-63bc72a7d1eb,210,600000.0,0.0,2500.0,2500.0,0.122,0,0,fixed-payments,working-capital,2,1,2022-03-20,0.0,0.0,0.0,0.0,0.0,0.0,0.0,0.0,0.0,0.0,0.0,0.0,0.0,0.0,0.0,0.0,0.0,0.0,0.0,0.0,0.0,0.0,0.0,0.0,0.0,0.0,0.0,0.0,0.0,0.0
53,91c6f974-d659-4df2-901b-6355e1648579,2022-01-13,4c94ffed-ce49-49d0-9e6a-c98435eb4b1c,2022-01-20,30,0.5,a8b59c01-5ced-4eab-b1c7-873ae56d1ac5,150,5000000.0,0.0,31000.0,31000.0,0.085,0,0,fixed-payments,working-capital,2,1,2022-02-19,0.0,0.0,0.0,0.0,0.0,0.0,0.0,0.0,0.0,0.0,0.0,0.0,0.0,0.0,0.0,0.0,0.0,0.0,0.0,0.0,0.0,0.0,0.0,0.0,0.0,0.0,0.0,0.0,0.0,0.0
54,74a278ee-cb9c-43f6-be05-5dc6c0e9aac2,2021-12-01,a1085b17-dcda-4906-9d31-71cd7c2827f8,2021-12-13,30,0.25,576c1205-3105-482b-89c1-e5513eec671d,180,2000000.0,0.0,8200.0,8200.0,0.105,0,0,fixed-payments,working-capital,2,1,2022-01-12,0.0,0.0,0.0,0.0,0.0,0.0,0.0,0.0,0.0,0.0,0.0,0.0,0.0,0.0,0.0,0.0,0.0,0.0,0.0,0.0,0.0,0.0,0.0,0.0,0.0,0.0,0.0,0.0,0.0,0.0
56,981e033b-f324-4dde-8e3f-7b1a0dc838e7,2021-11-18,e61ca322-7dd7-4e3f-9a11-8e8b971b963d,2021-12-03,30,0.3,4f5c332e-0b20-4428-88a5-d2b21f8f77b7,150,280000.0,0.0,1340.0,1340.0,0.134,0,0,fixed-payments,working-capital,2,1,2022-01-02,0.0,0.0,0.0,0.0,0.0,0.0,0.0,0.0,0.0,0.0,0.0,0.0,0.0,0.0,0.0,0.0,0.0,0.0,0.0,0.0,0.0,0.0,0.0,0.0,0.0,0.0,0.0,0.0,0.0,0.0
59,7a7e3263-ea6b-4c82-b013-21a790472ffb,2021-09-23,dd0b223b-14bb-4146-99b6-91fb1fe4fcd6,2021-09-27,30,0.4,773b9fd2-e689-4cf3-9ade-9bb100d247fc,210,2500000.0,0.19,9600.0,12300.0,0.119,0,,revenue-based-capped,working-capital,1,1,2021-10-27,0.0,0.0,0.0,0.0,0.0,0.0,0.0,0.0,0.0,0.0,0.0,0.0,0.0,0.0,0.0,0.0,0.0,0.0,0.0,0.0,0.0,0.0,0.0,0.0,0.0,0.0,0.0,0.0,0.0,0.0
60,be104c41-219d-4e39-8de2-d8cb2b3f36d5,2021-09-28,1bc06e39-7c05-42da-9823-c6c9d82dbe89,2021-10-21,30,0.3,15559bcf-b253-46be-8721-d61674fd6d83,180,7900000.0,0.0,33000.0,33000.0,0.1,0,,fixed-payments,working-capital,1,1,2021-11-20,0.0,0.0,0.0,0.0,0.0,0.0,0.0,0.0,0.0,0.0,0.0,0.0,0.0,0.0,0.0,0.0,0.0,0.0,0.0,0.0,0.0,0.0,0.0,0.0,0.0,0.0,0.0,0.0,0.0,0.0
61,9b9ea212-415b-42d1-a962-dfd1e3675822,2021-09-29,4834f22a-d703-4e85-9480-ce623662672d,2021-10-06,30,0.3,8494b82a-b7a3-4555-99f9-b1e6a32880b7,180,3000000.0,0.155,13800.0,13800.0,0.105,0,,fixed-payments,working-capital,2,1,2021-11-05,0.0,0.0,0.0,0.0,0.0,0.0,0.0,0.0,0.0,0.0,0.0,0.0,0.0,0.0,0.0,0.0,0.0,0.0,0.0,0.0,0.0,0.0,0.0,0.0,0.0,0.0,0.0,0.0,0.0,0.0
64,e39550b2-b028-4cb9-ab09-ace4204afba9,2021-11-03,97fdda13-101c-4056-806d-d5168b1cf966,2021-11-05,30,1.0,68410cf3-d004-42b3-ba69-29445d09ab8a,360,8000000.0,0.0,27900.0,27900.0,0.14,0,0,fixed-payments,working-capital,2,1,2021-12-05,0.0,0.0,0.0,0.0,0.0,0.0,0.0,0.0,0.0,0.0,0.0,0.0,0.0,0.0,0.0,0.0,0.0,0.0,0.0,0.0,0.0,0.0,0.0,0.0,0.0,0.0,0.0,0.0,0.0,0.0
65,8bab523e-638d-4e55-85c1-e289f381917d,2022-01-27,59eff6b7-639e-48cb-96c1-6940e6c70b8a,2022-02-03,30,0.38,8127b3d6-ef64-45e0-b0f6-d8f117ab13c7,300,400000.0,0.0,1720.0,1720.0,0.11,0,0,fixed-payments,working-capital,1,1,2022-03-05,0.0,0.0,0.0,0.0,0.0,0.0,0.0,0.0,0.0,0.0,0.0,0.0,0.0,0.0,0.0,0.0,0.0,0.0,0.0,0.0,0.0,0.0,0.0,0.0,0.0,0.0,0.0,0.0,0.0,0.0
66,29da0a72-ec45-454e-a464-d10f511c1c7b,2021-05-12,1e48d4fc-ca77-4dd1-b927-68ea77611014,2021-07-01,30,0.25,ed865e6e-9e3b-4f90-ab13-60ef115a3d5c,300,1078561.0,0.076,5225.0,5225.0,0.104,0,0,revenue-based-capped,working-capital,1,1,2021-07-31,0.0,0.0,0.0,0.0,0.0,0.0,0.0,0.0,0.0,0.0,0.0,0.0,0.0,0.0,0.0,0.0,0.0,0.0,0.0,0.0,0.0,0.0,0.0,0.0,0.0,0.0,0.0,0.0,0.0,0.0
67,23afe70a-13a5-4e9a-99ab-c0ba8212a089,2022-07-20,370dc4de-0ea4-4ae7-9c6b-94f03508c47f,2022-07-22,45,0.6,1dd51835-4a2e-4c0a-ba5a-6dc83ee1e7a0,480,6000000.0,0.0,34500.0,34500.0,0.137,1d58a832-99c1-400f-9411-5b7aed826ba5,rp,fixed-payments,working-capital,2,1,2022-09-05,0.0,0.0,0.0,0.0,0.0,0.0,0.0,0.0,0.0,0.0,0.0,0.0,0.0,0.0,0.0,0.0,0.0,0.0,0.0,0.0,0.0,0.0,0.0,0.0,0.0,0.0,0.0,0.0,0.0,0.0
68,3a96285d-afdf-4f76-a216-cee64106c7f5,2022-01-27,11f47902-62fa-4590-8892-f0c5ff0a7933,2022-02-03,30,0.5,d0715d15-26ab-4722-ad8b-7a3bddc8e39a,180,1000000.0,0.037,4500.0,5700.0,0.105,0,0,revenue-based-capped,working-capital,1,1,2022-03-05,0.0,0.0,0.0,0.0,0.0,0.0,0.0,0.0,0.0,0.0,0.0,0.0,0.0,0.0,0.0,0.0,0.0,0.0,0.0,0.0,0.0,0.0,0.0,0.0,0.0,0.0,0.0,0.0,0.0,0.0
69,0bd8da16-20d3-4fc5-8cd4-db9f7a530a26,2022-07-12,31755056-f575-470a-bb82-dbaf94bf48e8,2022-07-18,60,1.0,793f6871-9fb8-4d65-91a3-e3d6547998aa,150,15000000.0,0.0,199000.0,199000.0,0.0715,0,rp,fixed-payments,working-capital,1,1,2022-09-16,0.0,0.0,0.0,0.0,0.0,0.0,0.0,0.0,0.0,0.0,0.0,0.0,0.0,0.0,0.0,0.0,0.0,0.0,0.0,0.0,0.0,0.0,0.0,0.0,0.0,0.0,0.0,0.0,0.0,0.0
70,2a12fab5-329b-4888-b46c-03b853ba84a0,2022-02-01,90e1fd58-27f1-4f90-bebc-b44e2002a02f,2022-02-04,30,0.5,c13bb99c-7ad2-4f14-ba97-1e5fa93c0f42,210,2500000.0,0.06,10150.0,12800.0,0.105,0,0,revenue-based-capped,working-capital,2,1,2022-03-06,0.0,0.0,0.0,0.0,0.0,0.0,0.0,0.0,0.0,0.0,0.0,0.0,0.0,0.0,0.0,0.0,0.0,0.0,0.0,0.0,0.0,0.0,0.0,0.0,0.0,0.0,0.0,0.0,0.0,0.0
71,693e94cf-0342-439a-85f2-c649486789d8,2022-02-16,14cd9487-9686-4315-a5b9-0d305aebd7bd,2022-03-11,30,0.37,f550932d-118c-4f7a-81cf-b9e4de486bf5,210,540000.0,0.05,1800.0,2440.0,0.12,0,0,revenue-based-capped,working-capital,1,1,2022-04-10,0.0,0.0,0.0,0.0,0.0,0.0,0.0,0.0,0.0,0.0,0.0,0.0,0.0,0.0,0.0,0.0,0.0,0.0,0.0,0.0,0.0,0.0,0.0,0.0,0.0,0.0,0.0,0.0,0.0,0.0
73,d6edea86-95ba-427d-98fd-322ab1b3e11d,2022-07-18,0245ca7d-10f2-496d-834b-b766d171d055,2022-07-25,30,0.5,7ba78d4d-3ffc-406d-9016-80be38afdfd3,330,6000000.0,0.0,62000.0,62000.0,0.0875,b8de5061-3953-4e1c-8113-102cc9182b35,rp,fixed-payments,working-capital,4,1,2022-08-24,0.0,0.0,0.0,0.0,0.0,0.0,0.0,0.0,0.0,0.0,0.0,0.0,0.0,0.0,0.0,0.0,0.0,0.0,0.0,0.0,0.0,0.0,0.0,0.0,0.0,0.0,0.0,0.0,0.0,0.0
76,5b41a5db-10b8-498f-9537-83b296e09a6d,2022-03-22,321d74a7-c2d1-4858-b386-a19b96b9ac6d,2022-03-31,30,0.3,b5b0f31f-60bd-44a8-8ae5-14a9e2fb0c4c,270,9500000.0,0.0,44000.0,44000.0,0.09,0,0,fixed-payments,working-capital,4,1,2022-04-30,0.45,1.2781404325117918,1816478.5967243332,2268851.4142686664,3486197.5711198337,0.4110383849635791,0.6086949058807922,0.7473080244392026,0.29669247298437534,0.49622071551786195,0.6954130611721907,9.0,10.0,9.583333333333334,194585.00333333333,176242.17500000005,114527.82083333335,,,,,,,0.0,0.03851873798639802,0.9449814737875036,679.0,,,
77,219b0cb9-7de2-48b7-b9a1-a29544f9780f,2022-05-13,fe9fbef7-1fb3-44d8-909a-3fa70b547fbf,2022-05-27,30,0.4,5b9bcfd3-d467-46d2-96b1-1325e1a41802,210,3300000.0,0.167,18500.0,22000.0,0.082,0,cs,revenue-based-capped,working-capital,2,1,2022-06-26,0.0,0.0,0.0,0.0,0.0,0.0,0.0,0.0,0.0,0.0,0.0,0.0,0.0,0.0,0.0,0.0,0.0,0.0,0.0,0.0,0.0,0.0,0.0,0.0,0.0,0.0,0.0,0.0,0.0,0.0
78,1021d358-8d0b-4238-998b-22dc4579d119,2022-06-06,41adb2ff-e8e6-4608-ad69-66aad0d77f5d,2022-06-13,30,0.4,9886c4ea-b414-4fb9-9db3-b6884093a364,210,2100000.0,0.0,12750.0,12750.0,0.09,0,rp,fixed-payments,working-capital,2,1,2022-07-13,0.0,0.0,0.0,0.0,0.0,0.0,0.0,0.0,0.0,0.0,0.0,0.0,0.0,0.0,0.0,0.0,0.0,0.0,0.0,0.0,0.0,0.0,0.0,0.0,0.0,0.0,0.0,0.0,0.0,0.0
79,b72f4bdf-58f3-41fd-9647-3b2755170018,2022-06-17,f80af988-0852-45b2-b5c7-eb05dd378ffa,2022-06-27,60,0.4,e4590bce-3e7b-40c1-aa4a-89c4cce67b86,240,20000000.0,0.0,123279.0,123279.0,0.0944,0,rp,fixed-payments,working-capital,2,1,2022-08-26,0.0,0.0,0.0,0.0,0.0,0.0,0.0,0.0,0.0,0.0,0.0,0.0,0.0,0.0,0.0,0.0,0.0,0.0,0.0,0.0,0.0,0.0,0.0,0.0,0.0,0.0,0.0,0.0,0.0,0.0
80,dd9fbfac-d0ae-4ed9-8f91-775b4848604a,2021-09-27,b1fe96ab-d300-4c96-b714-859b11ddb755,2021-10-05,30,0.36,bcfd5a08-0886-4500-baec-771b554cb849,210,510000.0,0.12,1800.0,2400.0,0.15,0,0,revenue-based-capped,working-capital,1,1,2021-11-04,0.0,0.0,0.0,0.0,0.0,0.0,0.0,0.0,0.0,0.0,0.0,0.0,0.0,0.0,0.0,0.0,0.0,0.0,0.0,0.0,0.0,0.0,0.0,0.0,0.0,0.0,0.0,0.0,0.0,0.0
83,e51eb7b8-2de4-4768-8430-eba1bcf758d4,2022-05-26,dc8a76c2-ee41-4577-a193-ccfd5789b4f0,2022-06-07,30,0.25,181e1429-9f81-4231-89d4-edaa3958bcb1,300,1750000.0,0.24,7400.0,8600.0,0.103,0,rp,revenue-based-capped,working-capital,7,1,2022-07-07,0.0,0.0,0.0,0.0,0.0,0.0,0.0,0.0,0.0,0.0,0.0,0.0,0.0,0.0,0.0,0.0,0.0,0.0,0.0,0.0,0.0,0.0,0.0,0.0,0.0,0.0,0.0,0.0,0.0,0.0
84,1b437e27-698a-4dc4-8447-3572b0b59769,2022-05-13,fd5eef03-d376-4af4-9dff-d8babe94a852,2022-05-23,45,0.3,aae7bfd1-0403-4def-878a-f14706b2ef77,270,1800000.0,0.19,8000.0,10200.0,0.1083,0,rp,revenue-based-capped,working-capital,1,1,2022-07-07,0.0,0.0,0.0,0.0,0.0,0.0,0.0,0.0,0.0,0.0,0.0,0.0,0.0,0.0,0.0,0.0,0.0,0.0,0.0,0.0,0.0,0.0,0.0,0.0,0.0,0.0,0.0,0.0,0.0,0.0
85,f50f1494-3051-40ca-ab81-a01428c10b38,2022-06-06,0ed1f10a-d732-4466-b1a6-59f84cc55f3a,2022-06-13,30,0.4,96da1301-683c-4b37-965e-39e8ba7e1e8f,270,2800000.0,0.135,11100.0,15000.0,0.1085,0,rp,revenue-based-capped,working-capital,1,1,2022-07-13,0.0,0.0,0.0,0.0,0.0,0.0,0.0,0.0,0.0,0.0,0.0,0.0,0.0,0.0,0.0,0.0,0.0,0.0,0.0,0.0,0.0,0.0,0.0,0.0,0.0,0.0,0.0,0.0,0.0,0.0
86,b2a8f711-e331-4bfd-a270-4f7c94c0cd51,2022-06-16,66dc9b84-a280-4ca8-909d-526bd3407054,2022-06-23,30,0.4,d4dc44b5-ce0b-4f2d-8f18-77dbc2cef180,270,1200000.0,0.0,5600.0,5600.0,0.113,0,rp,fixed-payments,working-capital,2,1,2022-07-23,0.0,0.0,0.0,0.0,0.0,0.0,0.0,0.0,0.0,0.0,0.0,0.0,0.0,0.0,0.0,0.0,0.0,0.0,0.0,0.0,0.0,0.0,0.0,0.0,0.0,0.0,0.0,0.0,0.0,0.0
87,5300b51c-242b-4b4a-8a99-60a3480219cd,2022-05-20,16016283-dba4-428f-9c8d-ff5341e5a899,2022-05-31,30,0.3,fa932d56-5241-4845-b727-089ce2245887,270,1700000.0,0.056,7100.0,8400.0,0.107,0,rp,revenue-based-capped,working-capital,1,1,2022-06-30,0.0,0.0,0.0,0.0,0.0,0.0,0.0,0.0,0.0,0.0,0.0,0.0,0.0,0.0,0.0,0.0,0.0,0.0,0.0,0.0,0.0,0.0,0.0,0.0,0.0,0.0,0.0,0.0,0.0,0.0
88,01386f13-6bbe-4003-830d-9c5351210707,2021-11-23,2764c80f-4427-4234-87fc-ef4ae70bc692,2021-11-29,30,1.0,de434052-3f00-45d7-84de-d2ba9de9cf94,240,100000.0,0.1,468.0,530.0,0.1,0,0,revenue-based-capped,working-capital,2,1,2021-12-29,0.0,0.0,0.0,0.0,0.0,0.0,0.0,0.0,0.0,0.0,0.0,0.0,0.0,0.0,0.0,0.0,0.0,0.0,0.0,0.0,0.0,0.0,0.0,0.0,0.0,0.0,0.0,0.0,0.0,0.0
91,e2566276-6300-4ef8-b119-836a78d565b1,2022-04-28,ccec5a3c-6782-43f2-94e7-e67806266c8b,2022-04-29,60,1.0,f89fd8f8-fb63-4963-8b8b-d48b00dfaf04,210,8000000.0,0.0,60000.0,60000.0,0.1,0,rp,fixed-payments,working-capital,2,1,2022-06-28,0.0,0.0,0.0,0.0,0.0,0.0,0.0,0.0,0.0,0.0,0.0,0.0,0.0,0.0,0.0,0.0,0.0,0.0,0.0,0.0,0.0,0.0,0.0,0.0,0.0,0.0,0.0,0.0,0.0,0.0
92,518a15a5-d261-494c-bad4-d86fb64268e0,2022-05-19,5a26a241-5a99-4633-b09a-ea4d4220e56f,2022-05-31,30,0.4,177264a5-092d-4757-8986-5c4f8736aa3c,270,600000.0,0.0,2800.0,2800.0,0.116,0,rp,fixed-payments,working-capital,2,1,2022-06-30,0.0,0.0,0.0,0.0,0.0,0.0,0.0,0.0,0.0,0.0,0.0,0.0,0.0,0.0,0.0,0.0,0.0,0.0,0.0,0.0,0.0,0.0,0.0,0.0,0.0,0.0,0.0,0.0,0.0,0.0
93,72c78f75-118c-4bac-acae-cbf43c4d3ba1,2022-05-27,cc346085-2b34-4b95-ac38-1794b0100483,2022-06-07,30,0.3,f3125eab-2228-4ed2-bc83-2288949b4ffa,270,1700000.0,0.185,8000.0,9600.0,0.094,0,rp,revenue-based-capped,working-capital,1,1,2022-07-07,0.0,0.0,0.0,0.0,0.0,0.0,0.0,0.0,0.0,0.0,0.0,0.0,0.0,0.0,0.0,0.0,0.0,0.0,0.0,0.0,0.0,0.0,0.0,0.0,0.0,0.0,0.0,0.0,0.0,0.0
94,068e95a7-1cac-4712-acc3-a471849bb037,2022-05-18,09c95613-afb3-4783-98ec-ec00098616f2,2022-05-25,30,0.8,91e5ba5c-7e3f-4ba4-8dab-e6e6aa647f8d,270,500000.0,0.0,2400.0,2400.0,0.122,0,rp,fixed-payments,working-capital,1,1,2022-06-24,0.0,0.0,0.0,0.0,0.0,0.0,0.0,0.0,0.0,0.0,0.0,0.0,0.0,0.0,0.0,0.0,0.0,0.0,0.0,0.0,0.0,0.0,0.0,0.0,0.0,0.0,0.0,0.0,0.0,0.0
95,d02f146d-fa68-42f2-a7b3-be4cc4e59a49,2022-07-20,adebc4c3-afb2-46cf-91e3-b6956a22d8c7,2022-07-28,30,0.3,b50440ce-e5ba-42cd-b300-6affd53e70a9,270,4000000.0,0.195,16000.0,19000.0,0.096,0,rp,revenue-based-capped,working-capital,2,1,2022-08-27,0.0,0.0,0.0,0.0,0.0,0.0,0.0,0.0,0.0,0.0,0.0,0.0,0.0,0.0,0.0,0.0,0.0,0.0,0.0,0.0,0.0,0.0,0.0,0.0,0.0,0.0,0.0,0.0,0.0,0.0
98,1c1e4dd8-1828-4e68-b1f3-0068795db43b,2022-05-13,f92f7da5-f21d-4258-b639-bbfd84e9db62,2022-05-20,60,0.4,e5d405ec-5f81-42e3-9e97-838a7f6ba0ae,210,6000000.0,0.13,44084.0,55104.0,0.088,0,pandemic,revenue-based-capped,working-capital,2,1,2022-07-19,0.0,0.0,0.0,0.0,0.0,0.0,0.0,0.0,0.0,0.0,0.0,0.0,0.0,0.0,0.0,0.0,0.0,0.0,0.0,0.0,0.0,0.0,0.0,0.0,0.0,0.0,0.0,0.0,0.0,0.0
99,62bd1f44-9d82-434f-8b50-f3b29e698af1,2022-05-12,5474268b-8ade-40fa-abab-a498579fd98a,2022-05-17,60,0.3334,cd4050e6-f1c5-4acd-89ef-184c37b9d965,240,45000000.0,0.0,334500.0,334500.0,0.07,0,rp,fixed-payments,working-capital,1,1,2022-07-16,0.0,0.0,0.0,0.0,0.0,0.0,0.0,0.0,0.0,0.0,0.0,0.0,0.0,0.0,0.0,0.0,0.0,0.0,0.0,0.0,0.0,0.0,0.0,0.0,0.0,0.0,0.0,0.0,0.0,0.0
100,2b7eb4d2-9f08-4a55-8373-d0cce9c9e55b,2022-01-25,bc779a47-e3c9-478d-a212-d66a167f108a,2022-02-11,30,0.35,e747d871-a81c-401e-9c09-f77a35b706cd,150,600000.0,0.0,3550.0,3550.0,0.096,0,0,fixed-payments,working-capital,2,1,2022-03-13,0.0,0.0,0.0,0.0,0.0,0.0,0.0,0.0,0.0,0.0,0.0,0.0,0.0,0.0,0.0,0.0,0.0,0.0,0.0,0.0,0.0,0.0,0.0,0.0,0.0,0.0,0.0,0.0,0.0,0.0
101,50f74dd0-7331-409a-952a-6edadfdada74,2022-02-22,853b8353-7714-4c6d-8524-71071e59d25d,2022-03-04,45,0.51,38cab264-95a8-4652-a840-6f2d70814560,210,700000.0,0.0,4750.0,4750.0,0.1025,0,0,fixed-payments,working-capital,2,1,2022-04-18,0.0,0.0,0.0,0.0,0.0,0.0,0.0,0.0,0.0,0.0,0.0,0.0,0.0,0.0,0.0,0.0,0.0,0.0,0.0,0.0,0.0,0.0,0.0,0.0,0.0,0.0,0.0,0.0,0.0,0.0
102,ffe7a6d0-52d1-4c68-a638-96b83f26176f,2022-01-25,3b1d1419-bd42-4c08-b110-90f498f0ee73,2022-02-02,30,0.3,6c562de4-ab2a-4485-8aab-3a5b9e7672d8,300,4500000.0,0.0,28600.0,28600.0,0.135,2118376c-f24e-4d46-bbdb-a182b1b74e3c,0,fixed-payments,working-capital,1,1,2022-03-04,0.0,0.0,0.0,0.0,0.0,0.0,0.0,0.0,0.0,0.0,0.0,0.0,0.0,0.0,0.0,0.0,0.0,0.0,0.0,0.0,0.0,0.0,0.0,0.0,0.0,0.0,0.0,0.0,0.0,0.0
103,4bad95c7-d146-4edd-910d-df927a66f6e3,2022-05-04,d5a0a1a0-78a4-41a3-994f-a646e73d0e9f,2022-05-09,30,0.33334,4f13b39b-9479-4600-8f5e-c54e90f3226c,270,850000.0,0.0,4000.0,4000.0,0.12,0,cs,fixed-payments,working-capital,2,1,2022-06-08,0.0,0.0,0.0,0.0,0.0,0.0,0.0,0.0,0.0,0.0,0.0,0.0,0.0,0.0,0.0,0.0,0.0,0.0,0.0,0.0,0.0,0.0,0.0,0.0,0.0,0.0,0.0,0.0,0.0,0.0
104,5a22f236-b3dc-42af-8921-50acb8999fea,2022-05-11,bfec734e-52a0-4ea4-ab78-09fa03d97601,2022-05-19,30,0.4,5ba5227f-0755-45a6-89ad-3bf8adc321a2,270,4200000.0,0.202,18900.0,23500.0,0.1025,0,cs,revenue-based-capped,working-capital,2,1,2022-06-18,0.0,0.0,0.0,0.0,0.0,0.0,0.0,0.0,0.0,0.0,0.0,0.0,0.0,0.0,0.0,0.0,0.0,0.0,0.0,0.0,0.0,0.0,0.0,0.0,0.0,0.0,0.0,0.0,0.0,0.0
105,5fc41c90-9fc4-4adc-bbae-66e166078ab7,2022-05-12,c6530cf1-6942-4341-aa7a-36dfa3514de8,2022-05-16,30,0.5,be5801d2-a186-4bff-863b-16b973e83602,180,25000000.0,0.0,178660.0,178660.0,0.0615,0,rp,fixed-payments,working-capital,2,1,2022-06-15,0.0,0.0,0.0,0.0,0.0,0.0,0.0,0.0,0.0,0.0,0.0,0.0,0.0,0.0,0.0,0.0,0.0,0.0,0.0,0.0,0.0,0.0,0.0,0.0,0.0,0.0,0.0,0.0,0.0,0.0
106,bfeeb376-d513-416b-88c3-547944396c03,2022-01-25,3b3b473f-f098-47e5-ad63-96d2fa3d5caa,2022-02-02,30,0.5,4328d5d9-647d-48a9-886d-b33eeebaa9fe,210,500000.0,0.25,2200.0,2800.0,0.126,0,0,revenue-based-capped,working-capital,1,1,2022-03-04,0.0,0.0,0.0,0.0,0.0,0.0,0.0,0.0,0.0,0.0,0.0,0.0,0.0,0.0,0.0,0.0,0.0,0.0,0.0,0.0,0.0,0.0,0.0,0.0,0.0,0.0,0.0,0.0,0.0,0.0
107,8bd352ff-5b8b-4073-b936-623dc008a43a,2022-04-27,8388981c-151a-43ce-9e68-562593fbc870,2022-05-11,30,0.4,813e2319-1f0f-461e-b612-b9ac0a8fe36a,270,400000.0,0.075,1600.0,2200.0,0.131,0,pandemic,revenue-based-capped,working-capital,1,1,2022-06-10,0.0,0.0,0.0,0.0,0.0,0.0,0.0,0.0,0.0,0.0,0.0,0.0,0.0,0.0,0.0,0.0,0.0,0.0,0.0,0.0,0.0,0.0,0.0,0.0,0.0,0.0,0.0,0.0,0.0,0.0
108,26e13e4a-6610-4c32-92c6-352cc1d33d0c,2022-05-04,aab1d502-4154-4acf-b905-921b9fd535c3,2022-05-13,30,0.33333,e58a59ec-1f65-42bc-9b6d-e6aed6ed801e,270,600000.0,0.0,2800.0,2800.0,0.115,0,cs,fixed-payments,working-capital,1,1,2022-06-12,0.0,0.0,0.0,0.0,0.0,0.0,0.0,0.0,0.0,0.0,0.0,0.0,0.0,0.0,0.0,0.0,0.0,0.0,0.0,0.0,0.0,0.0,0.0,0.0,0.0,0.0,0.0,0.0,0.0,0.0
109,9a0b9062-0b7b-4526-b30e-d308256d3866,2022-05-18,ab96881c-d02a-4678-8361-c56a6cc56d51,2022-06-06,30,0.3,2357c953-d1a6-4ca0-86e9-879c4240a53a,300,1400000.0,0.24,5300.0,6300.0,0.112,0,rp,revenue-based-capped,working-capital,1,1,2022-07-06,0.0,0.0,0.0,0.0,0.0,0.0,0.0,0.0,0.0,0.0,0.0,0.0,0.0,0.0,0.0,0.0,0.0,0.0,0.0,0.0,0.0,0.0,0.0,0.0,0.0,0.0,0.0,0.0,0.0,0.0
110,d91b2628-a720-4c0c-9228-773f8783ec04,2022-05-18,30e8ae36-9059-437b-b2d8-37eb9f19224c,2022-05-25,30,0.5,3cc600ab-9517-4353-ad21-32efe52e7fe8,150,2000000.0,0.0,29775.0,29775.0,0.105,7efdb1f6-95cd-4d2b-b62f-06b8f2edd136,rp,fixed-payments,working-capital,1,1,2022-06-24,0.0,0.0,0.0,0.0,0.0,0.0,0.0,0.0,0.0,0.0,0.0,0.0,0.0,0.0,0.0,0.0,0.0,0.0,0.0,0.0,0.0,0.0,0.0,0.0,0.0,0.0,0.0,0.0,0.0,0.0
111,99e3ed96-bdc9-423e-8ac2-b43b4317ce25,2022-05-20,b7a4abd6-0701-46e6-9165-a1ac2b344840,2022-06-07,30,0.4,ad47300e-dc96-4efc-bf20-616fe95fc2dd,270,1500000.0,0.126,6000.0,8300.0,0.1135,0,rp,revenue-based-capped,working-capital,2,1,2022-07-07,0.0,0.0,0.0,0.0,0.0,0.0,0.0,0.0,0.0,0.0,0.0,0.0,0.0,0.0,0.0,0.0,0.0,0.0,0.0,0.0,0.0,0.0,0.0,0.0,0.0,0.0,0.0,0.0,0.0,0.0
113,c3df42ce-881d-4d9b-824b-dd97df35762f,2021-03-24,fe131631-5b91-40ab-89ca-214bc0db4892,2021-04-06,30,0.3333,2dfdeee7-9831-4008-bad8-cb2399dffc78,300,140482.0,0.036,559.0,745.0,0.129,0,0,revenue-based-capped,working-capital,1,1,2021-05-06,0.0,0.0,0.0,0.0,0.0,0.0,0.0,0.0,0.0,0.0,0.0,0.0,0.0,0.0,0.0,0.0,0.0,0.0,0.0,0.0,0.0,0.0,0.0,0.0,0.0,0.0,0.0,0.0,0.0,0.0
114,8899bed0-5f04-4602-966d-e5aa21ba95ba,2022-01-27,c77f8878-c72c-49e1-879b-485e8befdaba,2022-02-14,45,0.45,9d5ab7cd-3e19-41d0-b967-32641ca98868,180,1000000.0,0.0,5800.0,5800.0,0.115,0,0,fixed-payments,working-capital,1,1,2022-03-31,0.0,0.0,0.0,0.0,0.0,0.0,0.0,0.0,0.0,0.0,0.0,0.0,0.0,0.0,0.0,0.0,0.0,0.0,0.0,0.0,0.0,0.0,0.0,0.0,0.0,0.0,0.0,0.0,0.0,0.0
115,23767ada-ff74-4000-946c-6d32808bd53d,2022-05-31,a274268d-85f0-4b82-bc3b-5cd245f162b9,2022-06-13,30,0.3,b779e47b-b706-4767-8379-c44a879dfff4,270,900000.0,0.0,4200.0,4200.0,0.105,0,rp,fixed-payments,working-capital,3,1,2022-07-13,0.0,0.0,0.0,0.0,0.0,0.0,0.0,0.0,0.0,0.0,0.0,0.0,0.0,0.0,0.0,0.0,0.0,0.0,0.0,0.0,0.0,0.0,0.0,0.0,0.0,0.0,0.0,0.0,0.0,0.0
116,dd21de3e-dfcd-42da-b332-c200862f456a,2021-03-18,97fdda13-101c-4056-806d-d5168b1cf966,2021-04-07,30,0.25,a0ca1ad5-565b-4126-8c8c-50514b505c86,330,2278999.0,0.086,8159.0,9999.0,0.1,0,0,revenue-based-capped,working-capital,2,1,2021-05-07,0.0,0.0,0.0,0.0,0.0,0.0,0.0,0.0,0.0,0.0,0.0,0.0,0.0,0.0,0.0,0.0,0.0,0.0,0.0,0.0,0.0,0.0,0.0,0.0,0.0,0.0,0.0,0.0,0.0,0.0
117,eeaa0d6f-54c9-4a56-8787-68b7a1fa9d8f,2022-05-16,b87f4e31-8d29-42a5-924b-b4b571c9ad42,2022-05-25,45,0.3333,111c18cb-8015-426e-ac76-84bf0c763e5d,201,3750000.0,0.0,47500.0,47500.0,0.08,e56424f7-4b30-4cfe-91b5-95fcd215c763,pandemic,fixed-payments,working-capital,1,1,2022-07-09,0.0,0.0,0.0,0.0,0.0,0.0,0.0,0.0,0.0,0.0,0.0,0.0,0.0,0.0,0.0,0.0,0.0,0.0,0.0,0.0,0.0,0.0,0.0,0.0,0.0,0.0,0.0,0.0,0.0,0.0
118,9a84db46-297f-4c1e-8c58-2359f47d97a8,2022-04-18,b940dd1e-ffd3-4ea0-93d8-c23463a0c664,2022-04-22,30,0.3,9813f496-cd11-411a-b833-5a58318f576c,270,12000000.0,0.0,55452.0,55452.0,0.094,0,0,fixed-payments,working-capital,1,1,2022-05-22,0.0,0.0,0.0,0.0,0.0,0.0,0.0,0.0,0.0,0.0,0.0,0.0,0.0,0.0,0.0,0.0,0.0,0.0,0.0,0.0,0.0,0.0,0.0,0.0,0.0,0.0,0.0,0.0,0.0,0.0
119,32574add-66d5-4143-8da3-2fe9d2cbc06c,2021-12-22,691e494a-dc5e-4845-8f31-9721dc4fe6ca,2021-12-27,30,0.45,9ad306b2-8cb4-4d0d-855f-bd1e4aca7588,270,10000000.0,0.0,51790.0,51790.0,0.099,e82d34fe-37ed-46d4-a58b-9e8bb2389ddc,0,fixed-payments,working-capital,2,1,2022-01-26,0.0,0.0,0.0,0.0,0.0,0.0,0.0,0.0,0.0,0.0,0.0,0.0,0.0,0.0,0.0,0.0,0.0,0.0,0.0,0.0,0.0,0.0,0.0,0.0,0.0,0.0,0.0,0.0,0.0,0.0
120,3e3f50dd-3e45-4269-8438-f447df4b66ad,2021-05-15,67022d7b-3c90-40fb-aec8-85a36001bdbd,2021-05-17,30,0.25,e1fd7326-e914-48aa-b5bb-8f8203fcc149,540,308008.0,0.28,2100.0,3000.0,0.12,a67db208-4611-40e4-b60b-9e7836e2740b,,revenue-based-capped,working-capital,4,1,2021-06-16,0.0,0.0,0.0,0.0,0.0,0.0,0.0,0.0,0.0,0.0,0.0,0.0,0.0,0.0,0.0,0.0,0.0,0.0,0.0,0.0,0.0,0.0,0.0,0.0,0.0,0.0,0.0,0.0,0.0,0.0
121,e6c168f4-aa03-432f-b1d3-1ff348627f48,2021-09-10,4aa416b8-a0da-48b1-b4a1-92dec7fb9a34,2021-09-23,30,0.3333,5419a51e-40e6-4b64-8519-9d18c24eb214,240,750000.0,0.39,3150.0,4100.0,0.15,3aaa4071-fdea-4e81-9726-c0e9591dde2e,,revenue-based-capped,working-capital,1,1,2021-10-23,0.0,0.0,0.0,0.0,0.0,0.0,0.0,0.0,0.0,0.0,0.0,0.0,0.0,0.0,0.0,0.0,0.0,0.0,0.0,0.0,0.0,0.0,0.0,0.0,0.0,0.0,0.0,0.0,0.0,0.0
123,de148e2a-a3e3-4c13-b070-5fb55f32b6f3,2021-12-27,44436f82-dccf-4a39-ada3-781adc62b1cf,2021-12-30,30,0.5,f9018ddf-784d-4bb3-a31e-88590f25224d,180,8000000.0,0.3,42000.0,50000.0,0.085,0,0,revenue-based-capped,working-capital,1,1,2022-01-29,0.0,0.0,0.0,0.0,0.0,0.0,0.0,0.0,0.0,0.0,0.0,0.0,0.0,0.0,0.0,0.0,0.0,0.0,0.0,0.0,0.0,0.0,0.0,0.0,0.0,0.0,0.0,0.0,0.0,0.0
124,82b899e8-ccc9-401a-843c-a267975fa31d,2021-12-27,5c369c95-538a-4a32-aece-e483a97a3dac,2021-12-30,30,1.0,20ee9e35-801c-4199-870b-17bde1fe135c,180,3000000.0,0.0,18200.0,18200.0,0.092,0,0,fixed-payments,working-capital,4,1,2022-01-29,0.0,0.0,0.0,0.0,0.0,0.0,0.0,0.0,0.0,0.0,0.0,0.0,0.0,0.0,0.0,0.0,0.0,0.0,0.0,0.0,0.0,0.0,0.0,0.0,0.0,0.0,0.0,0.0,0.0,0.0
125,82bbc238-1b52-45c8-a536-a7505005e385,2021-12-22,df4debd3-cecc-4c7f-a967-396a39cec358,2022-02-28,30,0.5,d6a078af-e07f-4568-b5f7-17e97118b2f9,90,500000.0,0.0,5000.0,5000.0,0.075,0,0,fixed-payments,working-capital,2,1,2022-03-30,0.0,0.0,0.0,0.0,0.0,0.0,0.0,0.0,0.0,0.0,0.0,0.0,0.0,0.0,0.0,0.0,0.0,0.0,0.0,0.0,0.0,0.0,0.0,0.0,0.0,0.0,0.0,0.0,0.0,0.0
126,5594b56e-eb5d-4ac3-b52e-7d3fb41b05ce,2021-11-17,08e40343-54aa-49d1-9317-4dbcd16ee70f,2021-11-25,60,0.5,5110e702-1924-4479-9ef9-e4f720ceb38d,150,8000000.0,0.0,60000.0,60000.0,0.083,0,0,fixed-payments,working-capital,1,1,2022-01-24,0.0,0.0,0.0,0.0,0.0,0.0,0.0,0.0,0.0,0.0,0.0,0.0,0.0,0.0,0.0,0.0,0.0,0.0,0.0,0.0,0.0,0.0,0.0,0.0,0.0,0.0,0.0,0.0,0.0,0.0
128,915162d4-6026-4095-aa4a-18183d7587d2,2022-01-24,b1239e20-4874-413b-a260-74c6f27c04e4,2022-02-01,30,0.45,327f6f68-6022-4ecb-b628-0d1f185aac67,150,1500000.0,0.0,8000.0,8000.0,0.1,0,0,fixed-payments,working-capital,2,1,2022-03-03,0.0,0.0,0.0,0.0,0.0,0.0,0.0,0.0,0.0,0.0,0.0,0.0,0.0,0.0,0.0,0.0,0.0,0.0,0.0,0.0,0.0,0.0,0.0,0.0,0.0,0.0,0.0,0.0,0.0,0.0
129,d304d8e2-a6ff-4d5b-aaca-55dbd8033d4b,2021-11-17,2dfdd356-5cd4-44c2-8387-3b55f7cb75db,2021-12-01,30,0.25,bb4f7eae-fa39-4a53-a485-4e214f19c943,240,210000.0,0.0,1860.0,1860.0,0.14,3c16aa75-2677-4a55-ba11-e0709bb3bdc9,0,fixed-payments,working-capital,1,1,2021-12-31,0.0,0.0,0.0,0.0,0.0,0.0,0.0,0.0,0.0,0.0,0.0,0.0,0.0,0.0,0.0,0.0,0.0,0.0,0.0,0.0,0.0,0.0,0.0,0.0,0.0,0.0,0.0,0.0,0.0,0.0
130,5682ee80-14b9-4566-9743-ebcd0e8465f7,2022-01-21,67022d7b-3c90-40fb-aec8-85a36001bdbd,2022-02-08,45,0.5,9b034723-5461-43d5-82b4-bf199e43bf42,270,1000000.0,0.28,3900.0,6600.0,0.12,3e3f50dd-3e45-4269-8438-f447df4b66ad,0,revenue-based-capped,working-capital,4,1,2022-03-25,0.0,0.0,0.0,0.0,0.0,0.0,0.0,0.0,0.0,0.0,0.0,0.0,0.0,0.0,0.0,0.0,0.0,0.0,0.0,0.0,0.0,0.0,0.0,0.0,0.0,0.0,0.0,0.0,0.0,0.0
133,432cecd0-0a33-4050-a694-9dd3607b598c,2021-10-19,d1b258d1-9f86-4139-b9ce-de1d33e3434f,2021-10-29,30,0.25,9c10fa81-dab7-4951-9fdd-54e988c87209,300,810000.0,0.08,2700.0,4400.0,0.11,c1e5427c-659b-4f22-846a-ff5aa307a254,,revenue-based-capped,working-capital,1,1,2021-11-28,0.0,0.0,0.0,0.0,0.0,0.0,0.0,0.0,0.0,0.0,0.0,0.0,0.0,0.0,0.0,0.0,0.0,0.0,0.0,0.0,0.0,0.0,0.0,0.0,0.0,0.0,0.0,0.0,0.0,0.0
135,2e0aa88b-289a-4da4-9e0b-6bcb0c039ae9,2022-03-02,4f4e5a1d-60c9-4fe7-ab7f-ecef8cd7cc06,2022-03-11,30,0.35,5f6a16b3-4e3f-412e-a971-9183d76c100b,300,1300000.0,0.12,7590.0,9500.0,0.115,2969e88e-3996-496b-8c4c-1bd0a1b670a2,0,revenue-based-capped,working-capital,1,1,2022-04-10,0.0,0.0,0.0,0.0,0.0,0.0,0.0,0.0,0.0,0.0,0.0,0.0,0.0,0.0,0.0,0.0,0.0,0.0,0.0,0.0,0.0,0.0,0.0,0.0,0.0,0.0,0.0,0.0,0.0,0.0
137,0b774071-2e02-4335-9a92-1452d46c97ff,2022-07-20,b7e232c6-462e-4b0d-9f7a-c4135d67c825,2022-07-25,30,0.35,e50f8fc9-3f5f-4f95-be48-6d7a34adc686,267,1500000.0,0.0,12500.0,12500.0,0.104,685e0fd7-dae3-492b-a4ee-24afa404bb45,rp,fixed-payments,working-capital,1,1,2022-08-24,0.0,0.0,0.0,0.0,0.0,0.0,0.0,0.0,0.0,0.0,0.0,0.0,0.0,0.0,0.0,0.0,0.0,0.0,0.0,0.0,0.0,0.0,0.0,0.0,0.0,0.0,0.0,0.0,0.0,0.0
139,3b8a623a-3279-44ee-92c3-92f0d070046f,2021-02-22,5474268b-8ade-40fa-abab-a498579fd98a,2021-02-22,60,0.5,17759b26-20d0-48e0-97ca-984c60e79da5,210,30000000.0,0.28,283333.33,316666.66,0.07,0,0,revenue-based-capped,working-capital,1,1,2021-04-23,0.0,0.0,0.0,0.0,0.0,0.0,0.0,0.0,0.0,0.0,0.0,0.0,0.0,0.0,0.0,0.0,0.0,0.0,0.0,0.0,0.0,0.0,0.0,0.0,0.0,0.0,0.0,0.0,0.0,0.0
140,4f44ac28-69dc-45c2-82e3-3bc258984e51,2022-05-06,76198eb9-2e02-4145-958f-9bfa5f3169ea,2022-05-18,30,0.4,cc08d744-639a-414a-965e-aa7db77c45e1,270,1350000.0,0.0,6300.0,6300.0,0.108,0,pandemic,fixed-payments,working-capital,2,1,2022-06-17,0.0,0.0,0.0,0.0,0.0,0.0,0.0,0.0,0.0,0.0,0.0,0.0,0.0,0.0,0.0,0.0,0.0,0.0,0.0,0.0,0.0,0.0,0.0,0.0,0.0,0.0,0.0,0.0,0.0,0.0
143,d52e8826-51a1-4695-ab80-e37f904442d6,2022-02-17,810155a4-0d37-4ec3-8fa2-ede4cae287ac,2022-03-16,45,0.33,5d885f93-13ff-4adb-abe5-ad2e3d17da6e,240,1200000.0,0.0,6800.0,6800.0,0.092,0,0,fixed-payments,working-capital,3,1,2022-04-30,0.0,0.0,0.0,0.0,0.0,0.0,0.0,0.0,0.0,0.0,0.0,0.0,0.0,0.0,0.0,0.0,0.0,0.0,0.0,0.0,0.0,0.0,0.0,0.0,0.0,0.0,0.0,0.0,0.0,0.0
144,85ede5a6-7cf2-43f7-b0ac-289e2c47e5b9,2022-01-28,fc054669-1734-4e44-a47c-e344302f8e17,2022-02-04,45,0.5,7b8dcb9e-f687-4f73-bca2-913f9ebdb96f,270,6000000.0,0.26,28000.0,33000.0,0.108,0,0,revenue-based-capped,working-capital,1,1,2022-03-21,0.0,0.0,0.0,0.0,0.0,0.0,0.0,0.0,0.0,0.0,0.0,0.0,0.0,0.0,0.0,0.0,0.0,0.0,0.0,0.0,0.0,0.0,0.0,0.0,0.0,0.0,0.0,0.0,0.0,0.0
145,a380ec32-e2b7-4886-8de9-9c877874f177,2022-01-20,c6530cf1-6942-4341-aa7a-36dfa3514de8,2022-01-21,0,1.0,aeceed09-389e-409b-bf19-918f1b3c1b92,60,3500000.0,0.0,59896.67,59896.67,0.0268,0,0,fixed-payments,working-capital,2,1,2022-01-21,0.0,0.0,0.0,0.0,0.0,0.0,0.0,0.0,0.0,0.0,0.0,0.0,0.0,0.0,0.0,0.0,0.0,0.0,0.0,0.0,0.0,0.0,0.0,0.0,0.0,0.0,0.0,0.0,0.0,0.0
146,e6455ae2-a2c8-4d8d-a917-94ddc3cc69e7,2022-03-23,e6f549cf-a404-4897-b21b-220d4f2844dc,2022-04-08,30,0.4,86335889-d65a-4ae2-8104-2edb53e4ce9d,270,330000.0,0.245,1390.0,1900.0,0.132,0,0,revenue-based-capped,working-capital,1,1,2022-05-08,0.0,0.0,0.0,0.0,0.0,0.0,0.0,0.0,0.0,0.0,0.0,0.0,0.0,0.0,0.0,0.0,0.0,0.0,0.0,0.0,0.0,0.0,0.0,0.0,0.0,0.0,0.0,0.0,0.0,0.0
148,0238f59a-4eea-44c3-9106-daf3670e5072,2022-05-09,2d139ec6-47cf-4f4e-8177-9516d6f4d53d,2022-05-30,30,0.4,fd1d0cc2-d584-40ce-b527-c2688fec545a,270,450000.0,0.0,2106.0,2106.0,0.123,0,pandemic,fixed-payments,working-capital,3,1,2022-06-29,0.0,0.0,0.0,0.0,0.0,0.0,0.0,0.0,0.0,0.0,0.0,0.0,0.0,0.0,0.0,0.0,0.0,0.0,0.0,0.0,0.0,0.0,0.0,0.0,0.0,0.0,0.0,0.0,0.0,0.0
149,2943a3db-11ab-43c9-baa1-4bd7d4978408,2022-04-20,811f3daf-66a7-46ff-a1a8-dbb068259c87,2022-04-27,30,0.3,b8e3c89d-38b5-4c63-a513-5e811afbea66,270,2200000.0,0.24,8850.0,11900.0,0.1,0,sp,revenue-based-capped,working-capital,1,1,2022-05-27,0.0,0.0,0.0,0.0,0.0,0.0,0.0,0.0,0.0,0.0,0.0,0.0,0.0,0.0,0.0,0.0,0.0,0.0,0.0,0.0,0.0,0.0,0.0,0.0,0.0,0.0,0.0,0.0,0.0,0.0
152,83d12d05-2641-4a4e-8757-ebbc66148ac1,2022-03-29,d6808741-9fc7-4ed4-8045-f805c6ca585c,2022-04-13,30,0.25,9ec8971a-a482-4220-9c9c-684573054e2c,150,850000.0,0.16,3500.0,4200.0,0.099,0,0,revenue-based-capped,working-capital,1,1,2022-05-13,0.0,0.0,0.0,0.0,0.0,0.0,0.0,0.0,0.0,0.0,0.0,0.0,0.0,0.0,0.0,0.0,0.0,0.0,0.0,0.0,0.0,0.0,0.0,0.0,0.0,0.0,0.0,0.0,0.0,0.0
154,c302b93f-abf7-4808-ad54-d5518d2f8bb2,2022-06-09,ea719e11-7135-455a-9a2b-eb0c40fdb11e,2022-06-28,30,0.4,fc868190-8cbe-49f4-806d-20727f3d7dd0,270,7250000.0,0.0,33900.0,33900.0,0.108,0,rp,fixed-payments,working-capital,2,1,2022-07-28,0.0,0.0,0.0,0.0,0.0,0.0,0.0,0.0,0.0,0.0,0.0,0.0,0.0,0.0,0.0,0.0,0.0,0.0,0.0,0.0,0.0,0.0,0.0,0.0,0.0,0.0,0.0,0.0,0.0,0.0
155,fbb310b6-fda0-41d1-bdf2-360105bc6566,2022-03-25,baab237b-172f-4075-9625-385ed14a1b5f,2022-04-08,30,0.5,ccad7f82-3a05-408e-b89d-312b155a85e9,180,600000.0,0.0,3200.0,3200.0,0.112,0,0,fixed-payments,working-capital,3,1,2022-05-08,0.0,0.0,0.0,0.0,0.0,0.0,0.0,0.0,0.0,0.0,0.0,0.0,0.0,0.0,0.0,0.0,0.0,0.0,0.0,0.0,0.0,0.0,0.0,0.0,0.0,0.0,0.0,0.0,0.0,0.0
157,05f6bb2a-3322-4403-b2d5-aecc03d96987,2022-05-20,2d7df42a-eaf3-4de9-986f-e019dc266734,2022-05-31,30,0.3,4bd7cbcc-6672-4869-b498-82e7d0843231,270,1040000.0,0.0,4900.0,4900.0,0.114,0,rp,fixed-payments,working-capital,2,1,2022-06-30,0.0,0.0,0.0,0.0,0.0,0.0,0.0,0.0,0.0,0.0,0.0,0.0,0.0,0.0,0.0,0.0,0.0,0.0,0.0,0.0,0.0,0.0,0.0,0.0,0.0,0.0,0.0,0.0,0.0,0.0
159,38caf073-c797-4d8b-ad6a-bd5202910a1d,2022-01-27,5474268b-8ade-40fa-abab-a498579fd98a,2022-02-23,30,0.5,6d7a798d-7758-49c4-beba-24d99aefe65b,210,30000000.0,0.0,259488.0,259488.0,0.07,0,0,fixed-payments,working-capital,1,1,2022-03-25,0.0,0.0,0.0,0.0,0.0,0.0,0.0,0.0,0.0,0.0,0.0,0.0,0.0,0.0,0.0,0.0,0.0,0.0,0.0,0.0,0.0,0.0,0.0,0.0,0.0,0.0,0.0,0.0,0.0,0.0
160,5d3feff0-0b99-4065-84f3-30f3dbc298e7,2022-02-22,045d38cc-1f3c-40ba-a949-1669abbf5f22,2022-02-24,30,0.35,bfc42c58-3a54-4b38-8130-2808fc841690,300,350000.0,0.0,2950.0,2950.0,0.125,cb78ab30-fc1e-4d82-905d-019e10d1264f,0,fixed-payments,working-capital,1,1,2022-03-26,0.0,0.0,0.0,0.0,0.0,0.0,0.0,0.0,0.0,0.0,0.0,0.0,0.0,0.0,0.0,0.0,0.0,0.0,0.0,0.0,0.0,0.0,0.0,0.0,0.0,0.0,0.0,0.0,0.0,0.0
161,200e28ac-d28e-4571-a21d-a14852022363,2022-02-18,b2934252-f543-43da-bd78-4ad6c39848db,2022-02-25,30,0.25,ce31b493-17ba-48bf-9ac4-d6bdb38ab298,270,1000000.0,0.0,4600.0,4600.0,0.095,0,0,fixed-payments,working-capital,1,1,2022-03-27,0.0,0.0,0.0,0.0,0.0,0.0,0.0,0.0,0.0,0.0,0.0,0.0,0.0,0.0,0.0,0.0,0.0,0.0,0.0,0.0,0.0,0.0,0.0,0.0,0.0,0.0,0.0,0.0,0.0,0.0
162,e2c6571c-885a-4570-8602-ad4fb7c97549,2022-05-09,1dfce99f-e5ac-4efe-9050-9fc41b8e5632,2022-05-20,30,0.3,2c011518-bb7a-4f29-96b9-ca1941c1547f,270,900000.0,0.0,4200.0,4200.0,0.108,0,pandemic,fixed-payments,working-capital,2,1,2022-06-19,0.0,0.0,0.0,0.0,0.0,0.0,0.0,0.0,0.0,0.0,0.0,0.0,0.0,0.0,0.0,0.0,0.0,0.0,0.0,0.0,0.0,0.0,0.0,0.0,0.0,0.0,0.0,0.0,0.0,0.0
163,65863298-7736-4c85-99bf-cef40f0fe36b,2022-05-19,4c94ffed-ce49-49d0-9e6a-c98435eb4b1c,2022-05-25,30,0.3334,dd0f18e6-1b8d-4e1a-bef5-d759b04f50fa,270,7500000.0,0.0,50000.0,50000.0,0.085,91c6f974-d659-4df2-901b-6355e1648579,rp,fixed-payments,working-capital,2,1,2022-06-24,0.0,0.0,0.0,0.0,0.0,0.0,0.0,0.0,0.0,0.0,0.0,0.0,0.0,0.0,0.0,0.0,0.0,0.0,0.0,0.0,0.0,0.0,0.0,0.0,0.0,0.0,0.0,0.0,0.0,0.0
164,b166a50a-32cc-4e08-ba1a-2f9d6f224a8b,2022-05-27,7ce8e46d-a227-4879-ad1e-1abbee169b61,2022-06-06,30,0.4,f01af709-0906-4546-beb1-f28e8e7d5689,270,270000.0,0.0,1330.0,1330.0,0.144,0,rp,fixed-payments,working-capital,1,1,2022-07-06,0.0,0.0,0.0,0.0,0.0,0.0,0.0,0.0,0.0,0.0,0.0,0.0,0.0,0.0,0.0,0.0,0.0,0.0,0.0,0.0,0.0,0.0,0.0,0.0,0.0,0.0,0.0,0.0,0.0,0.0
165,5cac5e56-6a7c-4b1f-b9a0-d298fd34a9c1,2022-06-06,3b3b473f-f098-47e5-ad63-96d2fa3d5caa,2022-06-14,30,0.5,e56c2acd-5c52-4ac8-adfa-8f6cf624c932,240,550000.0,0.25,2500.0,3700.0,0.126,bfeeb376-d513-416b-88c3-547944396c03,rp,revenue-based-capped,working-capital,1,1,2022-07-14,0.0,0.0,0.0,0.0,0.0,0.0,0.0,0.0,0.0,0.0,0.0,0.0,0.0,0.0,0.0,0.0,0.0,0.0,0.0,0.0,0.0,0.0,0.0,0.0,0.0,0.0,0.0,0.0,0.0,0.0
166,d77910ae-ab7f-4b86-b215-e130199208ea,2022-05-20,9a03a1e2-32f1-49dc-b46e-201129cdf293,2022-06-20,30,0.4,a8be26fc-83d1-4118-ac98-d037d51581ab,240,1020000.0,0.0,5350.0,5350.0,0.098,0,rp,fixed-payments,working-capital,3,1,2022-07-20,0.0,0.0,0.0,0.0,0.0,0.0,0.0,0.0,0.0,0.0,0.0,0.0,0.0,0.0,0.0,0.0,0.0,0.0,0.0,0.0,0.0,0.0,0.0,0.0,0.0,0.0,0.0,0.0,0.0,0.0
168,605ca13b-4bf0-477b-a3ed-cffc1d8a3426,2022-05-24,b1239e20-4874-413b-a260-74c6f27c04e4,2022-05-27,30,0.5,7d6737ff-b734-4d3e-bc52-89292afc07f2,210,1500000.0,0.0,11500.0,11500.0,0.1125,915162d4-6026-4095-aa4a-18183d7587d2,rp,fixed-payments,working-capital,2,1,2022-06-26,0.0,0.0,0.0,0.0,0.0,0.0,0.0,0.0,0.0,0.0,0.0,0.0,0.0,0.0,0.0,0.0,0.0,0.0,0.0,0.0,0.0,0.0,0.0,0.0,0.0,0.0,0.0,0.0,0.0,0.0
169,2118d9e9-9dbc-4673-a840-04d9a1aaa30e,2022-05-05,456f807a-8a8d-46e2-9673-d6e062b0a56f,2022-05-13,45,0.5,8b8797da-596e-4565-a865-9c7e375fe701,210,25000000.0,0.0,166156.0,166156.0,0.0833,0,rp,fixed-payments,working-capital,2,1,2022-06-27,0.0,0.0,0.0,0.0,0.0,0.0,0.0,0.0,0.0,0.0,0.0,0.0,0.0,0.0,0.0,0.0,0.0,0.0,0.0,0.0,0.0,0.0,0.0,0.0,0.0,0.0,0.0,0.0,0.0,0.0
170,b8de5061-3953-4e1c-8113-102cc9182b35,2022-03-07,0245ca7d-10f2-496d-834b-b766d171d055,2022-03-14,30,0.6,e80846f1-f860-4ab1-bb66-5f11ed0b5819,180,6000000.0,0.0,31500.0,31500.0,0.0875,0,0,fixed-payments,working-capital,4,1,2022-04-13,0.0,0.0,0.0,0.0,0.0,0.0,0.0,0.0,0.0,0.0,0.0,0.0,0.0,0.0,0.0,0.0,0.0,0.0,0.0,0.0,0.0,0.0,0.0,0.0,0.0,0.0,0.0,0.0,0.0,0.0
173,d9eabab8-98b5-498d-8f05-ca08da01bd51,2022-02-04,c6530cf1-6942-4341-aa7a-36dfa3514de8,2022-02-04,30,1.0,aeceed09-389e-409b-bf19-918f1b3c1b92,90,11000000.0,0.0,127233.33,127233.33,0.041,0,0,fixed-payments,working-capital,2,1,2022-03-06,0.0,0.0,0.0,0.0,0.0,0.0,0.0,0.0,0.0,0.0,0.0,0.0,0.0,0.0,0.0,0.0,0.0,0.0,0.0,0.0,0.0,0.0,0.0,0.0,0.0,0.0,0.0,0.0,0.0,0.0
176,75b4ed8b-027b-4612-8657-3f480e322f81,2022-05-19,f4a0e507-4b68-46d6-bbe8-22ad875f96de,2022-06-03,30,0.3,5019466b-5974-4d01-806b-35ed7d4b7721,270,1200000.0,0.0,5590.0,5590.0,0.11,0,rp,fixed-payments,working-capital,3,1,2022-07-03,0.0,0.0,0.0,0.0,0.0,0.0,0.0,0.0,0.0,0.0,0.0,0.0,0.0,0.0,0.0,0.0,0.0,0.0,0.0,0.0,0.0,0.0,0.0,0.0,0.0,0.0,0.0,0.0,0.0,0.0
178,782d1322-6ede-4162-a0d2-a8729b5083a7,2022-04-26,b9ee9c85-11bf-44a4-9d9c-f1d651080c46,2022-05-03,30,0.3,02ac8fef-dd79-48df-9ef0-2ebcda1aa14d,270,900000.0,0.15,3750.0,4800.0,0.111,0,cs,revenue-based-capped,working-capital,1,1,2022-06-02,0.0,0.0,0.0,0.0,0.0,0.0,0.0,0.0,0.0,0.0,0.0,0.0,0.0,0.0,0.0,0.0,0.0,0.0,0.0,0.0,0.0,0.0,0.0,0.0,0.0,0.0,0.0,0.0,0.0,0.0
180,5d34e48a-e7ad-4910-b6d3-c373f1f4c565,2022-05-19,b45c2224-29da-4854-ae92-24f48e04798a,2022-06-06,30,0.3,8b3a0de7-e4e0-4d43-845d-846dfe708190,270,1100000.0,0.0,5150.0,5150.0,0.113,0,rp,fixed-payments,working-capital,3,1,2022-07-06,0.0,0.0,0.0,0.0,0.0,0.0,0.0,0.0,0.0,0.0,0.0,0.0,0.0,0.0,0.0,0.0,0.0,0.0,0.0,0.0,0.0,0.0,0.0,0.0,0.0,0.0,0.0,0.0,0.0,0.0
181,bddfa5fd-d620-4f91-ae64-902b355dad91,2022-06-02,c3f2227b-7bcc-491d-9cc4-02de558f18df,2022-07-06,30,0.3,39bf8b19-0cbb-4540-82ed-d46582ae1f9a,270,300000.0,0.125,1300.0,1550.0,0.13,0,rp,revenue-based-capped,working-capital,2,1,2022-08-05,0.0,0.0,0.0,0.0,0.0,0.0,0.0,0.0,0.0,0.0,0.0,0.0,0.0,0.0,0.0,0.0,0.0,0.0,0.0,0.0,0.0,0.0,0.0,0.0,0.0,0.0,0.0,0.0,0.0,0.0
182,2ff83824-3eb1-40fc-baa6-940d3e9a0ce0,2022-04-28,7b117b00-5c61-4a5c-92a8-73edaa99797b,2022-05-09,45,0.28,648ed20c-06b5-43c9-b4ea-34bd3215aad1,277,4000000.0,0.0,18950.0,18950.0,0.0885,0,sp,fixed-payments,working-capital,3,1,2022-06-23,0.0,0.0,0.0,0.0,0.0,0.0,0.0,0.0,0.0,0.0,0.0,0.0,0.0,0.0,0.0,0.0,0.0,0.0,0.0,0.0,0.0,0.0,0.0,0.0,0.0,0.0,0.0,0.0,0.0,0.0
184,c588271b-c4d6-4705-8f53-4345ca9343ae,2022-05-31,c68c0123-360c-4357-8364-8850bc08107e,2022-06-06,30,0.4,6061da3b-5e68-45a2-a62e-25e79bfc48f7,270,625000.0,0.0,2970.0,2970.0,0.123,0,rp,fixed-payments,working-capital,1,1,2022-07-06,0.0,0.0,0.0,0.0,0.0,0.0,0.0,0.0,0.0,0.0,0.0,0.0,0.0,0.0,0.0,0.0,0.0,0.0,0.0,0.0,0.0,0.0,0.0,0.0,0.0,0.0,0.0,0.0,0.0,0.0
185,99c3f940-6696-4f24-a3d0-4fddd2ef65ee,2022-06-03,d5b21d32-a5bc-4134-860b-c336574a4c07,2022-06-13,30,0.3,61c7a236-d513-4249-95b8-551880d3a211,270,400000.0,0.17,1600.0,2100.0,0.126,0,pandemic,revenue-based-capped,working-capital,4,1,2022-07-13,0.0,0.0,0.0,0.0,0.0,0.0,0.0,0.0,0.0,0.0,0.0,0.0,0.0,0.0,0.0,0.0,0.0,0.0,0.0,0.0,0.0,0.0,0.0,0.0,0.0,0.0,0.0,0.0,0.0,0.0
186,232cec84-fc9c-4a1b-9dc4-3d556e97862b,2022-05-19,6ff74305-cf00-427c-849a-b67db8c5697e,2022-05-24,30,0.34,dd664a2e-ff69-4b57-860d-c01f3ea01b05,270,1000000.0,0.23,4050.0,5500.0,0.108,0,rp,revenue-based-capped,working-capital,4,1,2022-06-23,0.0,0.0,0.0,0.0,0.0,0.0,0.0,0.0,0.0,0.0,0.0,0.0,0.0,0.0,0.0,0.0,0.0,0.0,0.0,0.0,0.0,0.0,0.0,0.0,0.0,0.0,0.0,0.0,0.0,0.0
187,59b4b0d2-5dbc-45e3-bf8a-2dab9cb2636a,2022-02-25,b5ba51c5-c829-492f-a7ee-51864f8fcd64,2022-03-04,30,0.3334,07babb4a-009f-43ff-a19d-5d10ff9dfc19,150,3000000.0,0.09,13000.0,15500.0,0.1,0,0,revenue-based-capped,working-capital,2,1,2022-04-03,0.0,0.0,0.0,0.0,0.0,0.0,0.0,0.0,0.0,0.0,0.0,0.0,0.0,0.0,0.0,0.0,0.0,0.0,0.0,0.0,0.0,0.0,0.0,0.0,0.0,0.0,0.0,0.0,0.0,0.0
188,9f6f3ef7-2083-4293-82c6-0535f3e4c4a4,2022-06-15,74140378-abc4-4977-bdee-a5ff54118471,2022-06-29,30,0.3,4c831a9e-6036-42d0-a6a1-9a6540ae2ac7,300,200000.0,0.076,775.0,1100.0,0.16,0,rp,revenue-based-capped,working-capital,2,1,2022-07-29,0.0,0.0,0.0,0.0,0.0,0.0,0.0,0.0,0.0,0.0,0.0,0.0,0.0,0.0,0.0,0.0,0.0,0.0,0.0,0.0,0.0,0.0,0.0,0.0,0.0,0.0,0.0,0.0,0.0,0.0
189,76d0a3bb-00a1-443b-acfa-88a3317731ec,2022-01-06,f6926792-ef0f-4cd9-a5ea-566383a4bced,2022-02-02,30,0.33,e0454d99-ff07-4917-bc19-19e69e664c64,150,850000.0,0.35,4000.0,5500.0,0.1,0,0,revenue-based-capped,working-capital,2,1,2022-03-04,0.0,0.0,0.0,0.0,0.0,0.0,0.0,0.0,0.0,0.0,0.0,0.0,0.0,0.0,0.0,0.0,0.0,0.0,0.0,0.0,0.0,0.0,0.0,0.0,0.0,0.0,0.0,0.0,0.0,0.0
190,3c7033e3-5b7e-4e34-8e94-5b01b9b87fcd,2022-01-11,b4e0f9de-e5fe-4be6-8c26-00e3bc520c36,2022-02-01,30,0.25,eeb6a6ec-cf3d-45c4-be4c-e29b749689f1,180,840000.0,0.1,3500.0,4400.0,0.106,0,0,revenue-based-capped,working-capital,4,1,2022-03-03,0.0,0.0,0.0,0.0,0.0,0.0,0.0,0.0,0.0,0.0,0.0,0.0,0.0,0.0,0.0,0.0,0.0,0.0,0.0,0.0,0.0,0.0,0.0,0.0,0.0,0.0,0.0,0.0,0.0,0.0
191,ea6eb172-0a88-4abb-bf37-477ddc1afeb5,2022-06-17,0c60cc83-42ac-4229-9cdd-3a2887400d32,2022-06-27,60,0.4,a320b93b-0d2a-44e2-ac82-ffb0e23232b1,270,20000000.0,0.0,107200.0,107200.0,0.1075,0,rp,fixed-payments,working-capital,4,1,2022-08-26,0.0,0.0,0.0,0.0,0.0,0.0,0.0,0.0,0.0,0.0,0.0,0.0,0.0,0.0,0.0,0.0,0.0,0.0,0.0,0.0,0.0,0.0,0.0,0.0,0.0,0.0,0.0,0.0,0.0,0.0
192,5e839a1e-76bf-4e8a-b4c2-091af13117b1,2022-02-02,fc217efb-1a75-421a-8d11-d58dcb424558,2022-02-14,30,0.34,31146ea3-23f8-4bdb-a19d-5edd206fd1cd,300,1200000.0,0.325,4650.0,5650.0,0.118,0,0,revenue-based-capped,working-capital,1,1,2022-03-16,0.0,0.0,0.0,0.0,0.0,0.0,0.0,0.0,0.0,0.0,0.0,0.0,0.0,0.0,0.0,0.0,0.0,0.0,0.0,0.0,0.0,0.0,0.0,0.0,0.0,0.0,0.0,0.0,0.0,0.0
194,0b9e16f6-0a0a-48a3-b9fe-8a25c9e656a3,2022-02-10,424db1e7-26fe-4dda-bfcc-7ab59fe95040,2022-02-15,30,0.3333,d60a0e11-52c0-474c-a305-7b1ab76423bf,270,800000.0,0.2,4830.0,6500.0,0.13,aa7ba6b9-240c-419a-9c92-6f254049e657,0,revenue-based-capped,working-capital,3,1,2022-03-17,0.0,0.0,0.0,0.0,0.0,0.0,0.0,0.0,0.0,0.0,0.0,0.0,0.0,0.0,0.0,0.0,0.0,0.0,0.0,0.0,0.0,0.0,0.0,0.0,0.0,0.0,0.0,0.0,0.0,0.0
196,b48fd2bf-83d7-4c24-849e-eaf097d00ab6,2022-06-24,4bee6f2e-7cba-42a5-a534-1b178ba89565,2022-07-04,30,0.4,870f0b47-4972-488e-b837-3bf934433f57,270,1250000.0,0.0,5900.0,5900.0,0.12,0,rp,fixed-payments,working-capital,1,1,2022-08-03,0.0,0.0,0.0,0.0,0.0,0.0,0.0,0.0,0.0,0.0,0.0,0.0,0.0,0.0,0.0,0.0,0.0,0.0,0.0,0.0,0.0,0.0,0.0,0.0,0.0,0.0,0.0,0.0,0.0,0.0
197,3f1895aa-0812-406b-a7d5-af3f0e820d76,2022-02-25,e7928df0-2c4b-4a89-833b-8d0957495430,2022-03-03,30,0.3334,7256bb43-5d06-4ed0-b961-c10b04e7487f,210,450000.0,0.175,1700.0,2300.0,0.132,0,0,revenue-based-capped,working-capital,1,1,2022-04-02,0.0,0.0,0.0,0.0,0.0,0.0,0.0,0.0,0.0,0.0,0.0,0.0,0.0,0.0,0.0,0.0,0.0,0.0,0.0,0.0,0.0,0.0,0.0,0.0,0.0,0.0,0.0,0.0,0.0,0.0
198,10a83517-5107-489a-a2d2-111dbff74e30,2022-06-20,61f4a820-2f2b-46e3-9451-aa23ba071ff4,2022-07-06,30,0.34,ce6fb691-cfc8-4c74-80ca-494afcba0d02,270,1800000.0,0.203,6900.0,10000.0,0.104,0,rp,revenue-based-capped,working-capital,1,1,2022-08-05,0.0,0.0,0.0,0.0,0.0,0.0,0.0,0.0,0.0,0.0,0.0,0.0,0.0,0.0,0.0,0.0,0.0,0.0,0.0,0.0,0.0,0.0,0.0,0.0,0.0,0.0,0.0,0.0,0.0,0.0
199,7efdb1f6-95cd-4d2b-b62f-06b8f2edd136,2022-03-07,30e8ae36-9059-437b-b2d8-37eb9f19224c,2022-03-24,30,0.6,8304a980-4210-4b29-9674-4e680b40a942,180,4500000.0,0.0,20838.0,20838.0,0.096,0,0,fixed-payments,working-capital,1,1,2022-04-23,0.0,0.0,0.0,0.0,0.0,0.0,0.0,0.0,0.0,0.0,0.0,0.0,0.0,0.0,0.0,0.0,0.0,0.0,0.0,0.0,0.0,0.0,0.0,0.0,0.0,0.0,0.0,0.0,0.0,0.0
201,91f3961e-9362-4157-9b52-089e2ff894fb,2022-06-21,aa50d301-3676-495e-991c-ebbb0e1f73f6,2022-07-01,30,0.3,eadfd2a1-e377-4acc-bc5e-f2094379d21d,270,3200000.0,0.25,13100.0,16600.0,0.096,0,rp,revenue-based-capped,working-capital,2,1,2022-07-31,0.0,0.0,0.0,0.0,0.0,0.0,0.0,0.0,0.0,0.0,0.0,0.0,0.0,0.0,0.0,0.0,0.0,0.0,0.0,0.0,0.0,0.0,0.0,0.0,0.0,0.0,0.0,0.0,0.0,0.0
202,f4b35835-333a-4fa1-b453-a2b1f356bc08,2022-06-17,164e2936-defd-49a4-9809-db09a83117a7,2022-06-28,30,0.4,62b227bc-fdc9-429f-98a2-b0a256322cb8,270,1800000.0,0.235,7500.0,8700.0,0.111,0,rp,revenue-based-capped,working-capital,2,1,2022-07-28,0.0,0.0,0.0,0.0,0.0,0.0,0.0,0.0,0.0,0.0,0.0,0.0,0.0,0.0,0.0,0.0,0.0,0.0,0.0,0.0,0.0,0.0,0.0,0.0,0.0,0.0,0.0,0.0,0.0,0.0
203,1d58a832-99c1-400f-9411-5b7aed826ba5,2022-03-04,370dc4de-0ea4-4ae7-9c6b-94f03508c47f,2022-03-17,30,0.5,37935c95-9bad-49e6-b05a-317907d4ca5e,210,4500000.0,0.0,21140.0,21140.0,0.11,0,0,fixed-payments,working-capital,2,1,2022-04-16,0.0,0.0,0.0,0.0,0.0,0.0,0.0,0.0,0.0,0.0,0.0,0.0,0.0,0.0,0.0,0.0,0.0,0.0,0.0,0.0,0.0,0.0,0.0,0.0,0.0,0.0,0.0,0.0,0.0,0.0
204,014dd29f-5b6b-48bb-9531-92b8f8651b9e,2022-02-22,5f21b17f-84a0-4ce6-9357-8ee5abae6be6,2022-03-02,30,0.35,4b04eac4-b5fd-4a73-8a90-86442cd16ae1,120,400000.0,0.0,2450.0,2450.0,0.095,0,0,fixed-payments,working-capital,3,1,2022-04-01,0.0,0.0,0.0,0.0,0.0,0.0,0.0,0.0,0.0,0.0,0.0,0.0,0.0,0.0,0.0,0.0,0.0,0.0,0.0,0.0,0.0,0.0,0.0,0.0,0.0,0.0,0.0,0.0,0.0,0.0
205,ccfd48e1-71d2-406a-a075-af797d265727,2022-03-21,499e57d8-bc58-4a81-bba2-8655772e6865,2022-03-29,30,0.34,390d2c1a-6344-4913-b8f8-045ecf9c1d4b,270,420000.0,0.0,1965.0,1965.0,0.122,0,0,fixed-payments,working-capital,1,1,2022-04-28,0.0,0.0,0.0,0.0,0.0,0.0,0.0,0.0,0.0,0.0,0.0,0.0,0.0,0.0,0.0,0.0,0.0,0.0,0.0,0.0,0.0,0.0,0.0,0.0,0.0,0.0,0.0,0.0,0.0,0.0
206,9b7e0184-9e4f-4927-98be-bd11eacaae29,2022-03-08,1a15460a-93f6-4954-8a8c-ab9c1fe16999,2022-03-23,30,0.3,b98f14e8-723e-4159-a71b-cee0debe4886,180,400000.0,0.22,1400.0,2000.0,0.135,0,0,revenue-based-capped,working-capital,1,1,2022-04-22,0.0,0.0,0.0,0.0,0.0,0.0,0.0,0.0,0.0,0.0,0.0,0.0,0.0,0.0,0.0,0.0,0.0,0.0,0.0,0.0,0.0,0.0,0.0,0.0,0.0,0.0,0.0,0.0,0.0,0.0
207,6bfb4c85-e081-4905-be1f-2480489162c8,2022-06-21,e89951d1-47fd-4d25-b602-d9f082b00a9d,2022-07-01,30,0.4,00979802-b4d4-441c-a86b-c07d83ec4069,270,1500000.0,0.0,7100.0,7100.0,0.119,0,rp,fixed-payments,working-capital,1,1,2022-07-31,0.0,0.0,0.0,0.0,0.0,0.0,0.0,0.0,0.0,0.0,0.0,0.0,0.0,0.0,0.0,0.0,0.0,0.0,0.0,0.0,0.0,0.0,0.0,0.0,0.0,0.0,0.0,0.0,0.0,0.0
208,d8428a55-0efc-45f8-8e69-1dcab0e4e780,2022-06-20,d8b21a23-d5d6-429f-b5a7-b51f13f583bd,2022-07-05,30,0.35,c48f056e-f180-42ac-9a78-b53603b0f08a,420,800000.0,0.0,5200.0,5200.0,0.122,05625e50-5f1d-4fc4-a2a7-873456ae9bd9,rp,fixed-payments,working-capital,2,1,2022-08-04,0.0,0.0,0.0,0.0,0.0,0.0,0.0,0.0,0.0,0.0,0.0,0.0,0.0,0.0,0.0,0.0,0.0,0.0,0.0,0.0,0.0,0.0,0.0,0.0,0.0,0.0,0.0,0.0,0.0,0.0
209,44c0ab77-03af-4c2e-ba55-21e9dde26e68,2022-06-22,6db13b8f-b7ff-4437-93a1-bda15b8cbb7e,2022-06-29,30,0.3,6b8745e8-7195-4ee3-b652-bac6023c99a9,270,750000.0,0.242,2850.0,3700.0,0.107,0,rp,revenue-based-capped,working-capital,1,1,2022-07-29,0.0,0.0,0.0,0.0,0.0,0.0,0.0,0.0,0.0,0.0,0.0,0.0,0.0,0.0,0.0,0.0,0.0,0.0,0.0,0.0,0.0,0.0,0.0,0.0,0.0,0.0,0.0,0.0,0.0,0.0
210,a998044b-cfc4-48e2-95ca-2b753b85a5e0,2022-03-03,44842e20-d9c7-4899-9176-b0cf5fd5eb1e,2022-03-09,30,0.4,837aded3-12e7-40f7-a3f3-5a58b392c0bb,150,750000.0,0.175,3550.0,4400.0,0.099,0,0,revenue-based-capped,working-capital,1,1,2022-04-08,0.0,0.0,0.0,0.0,0.0,0.0,0.0,0.0,0.0,0.0,0.0,0.0,0.0,0.0,0.0,0.0,0.0,0.0,0.0,0.0,0.0,0.0,0.0,0.0,0.0,0.0,0.0,0.0,0.0,0.0
212,8989d84f-ae30-4f89-bd91-02c2c121911e,2022-06-16,e8b94d3b-9e55-4b40-9dcc-d26883a6d235,2022-06-21,30,0.65,e6e8fdd6-02f6-4438-8a73-18729e32e00f,420,500000.0,0.0,4620.0,4620.0,0.16,69ffdc3f-9076-4822-bad8-4d3ad64273e0,rp,fixed-payments,working-capital,1,1,2022-07-21,0.0,0.0,0.0,0.0,0.0,0.0,0.0,0.0,0.0,0.0,0.0,0.0,0.0,0.0,0.0,0.0,0.0,0.0,0.0,0.0,0.0,0.0,0.0,0.0,0.0,0.0,0.0,0.0,0.0,0.0
213,d8535006-179f-4b32-952f-fad07b7dbe1d,2022-06-23,c2db0028-e261-4bb7-9a11-8762be135709,2022-06-30,30,0.3,4d2aee47-1254-46a0-8adf-1c7405bfc120,300,1300000.0,0.16,5080.0,7000.0,0.104,0,rp,revenue-based-capped,working-capital,3,1,2022-07-30,0.0,0.0,0.0,0.0,0.0,0.0,0.0,0.0,0.0,0.0,0.0,0.0,0.0,0.0,0.0,0.0,0.0,0.0,0.0,0.0,0.0,0.0,0.0,0.0,0.0,0.0,0.0,0.0,0.0,0.0
215,00bf6853-9b3e-4ee6-8274-50e48017e8a6,2022-03-07,31755056-f575-470a-bb82-dbaf94bf48e8,2022-03-10,60,0.5,028edd91-b6eb-46f1-9a20-b32466df53f7,120,22000000.0,0.0,199000.0,199000.0,0.0715,0,0,fixed-payments,working-capital,1,1,2022-05-09,0.0,0.0,0.0,0.0,0.0,0.0,0.0,0.0,0.0,0.0,0.0,0.0,0.0,0.0,0.0,0.0,0.0,0.0,0.0,0.0,0.0,0.0,0.0,0.0,0.0,0.0,0.0,0.0,0.0,0.0
216,31a935e6-4543-4dde-9949-bbb80e263daf,2022-05-12,08e40343-54aa-49d1-9317-4dbcd16ee70f,2022-05-16,60,0.5,95a3831f-8cb0-4102-a9f6-20a8fe65be22,210,7950000.0,0.0,60600.0,60600.0,0.082,0,rp,fixed-payments,working-capital,1,1,2022-07-15,0.0,0.0,0.0,0.0,0.0,0.0,0.0,0.0,0.0,0.0,0.0,0.0,0.0,0.0,0.0,0.0,0.0,0.0,0.0,0.0,0.0,0.0,0.0,0.0,0.0,0.0,0.0,0.0,0.0,0.0
218,ad596894-a209-4bc0-aafc-186761278f32,2022-06-22,c3032229-eb0e-40af-b2ad-9f08bfa9b413,2022-07-07,30,0.3,8d80a583-4341-49a3-9a45-4caa86d36724,270,650000.0,0.22,2700.0,3400.0,0.108,0,rp,revenue-based-capped,working-capital,3,1,2022-08-06,0.0,0.0,0.0,0.0,0.0,0.0,0.0,0.0,0.0,0.0,0.0,0.0,0.0,0.0,0.0,0.0,0.0,0.0,0.0,0.0,0.0,0.0,0.0,0.0,0.0,0.0,0.0,0.0,0.0,0.0
219,96425db0-65d6-4f4e-b25b-faff36273a66,2022-03-09,f9e9d7f9-f66d-41ce-a1d5-2ad7c9577279,2022-03-22,30,0.35,c60ff47f-764f-45e5-a31b-eddc527cbbc2,180,5000000.0,0.065,22000.0,25000.0,0.1,0,0,revenue-based-capped,working-capital,1,1,2022-04-21,0.0,0.0,0.0,0.0,0.0,0.0,0.0,0.0,0.0,0.0,0.0,0.0,0.0,0.0,0.0,0.0,0.0,0.0,0.0,0.0,0.0,0.0,0.0,0.0,0.0,0.0,0.0,0.0,0.0,0.0
220,d56c5294-4ce7-4326-94a2-0488fa06a091,2022-03-18,0620e8a0-1bfb-4204-bc3a-bca0869c4a1e,2022-03-28,30,0.34,c51c3d57-183a-488f-9e2d-9225d65fe2f3,270,1200000.0,0.0,5520.0,5520.0,0.104,0,0,fixed-payments,working-capital,3,1,2022-04-27,0.0,0.0,0.0,0.0,0.0,0.0,0.0,0.0,0.0,0.0,0.0,0.0,0.0,0.0,0.0,0.0,0.0,0.0,0.0,0.0,0.0,0.0,0.0,0.0,0.0,0.0,0.0,0.0,0.0,0.0
221,51b1a78f-a4f2-43e0-9f0d-649039807e21,2022-03-11,a032c4c3-80bf-4611-a2a0-ebba7bc687f2,2022-03-28,30,0.4,2c9e0af5-a094-49b0-8826-206aad3e6e19,210,600000.0,0.15,2300.0,2900.0,0.127,0,0,revenue-based-capped,working-capital,3,1,2022-04-27,0.0,0.0,0.0,0.0,0.0,0.0,0.0,0.0,0.0,0.0,0.0,0.0,0.0,0.0,0.0,0.0,0.0,0.0,0.0,0.0,0.0,0.0,0.0,0.0,0.0,0.0,0.0,0.0,0.0,0.0
222,e174b8c0-9ef8-41f3-9b2c-9e77601b76ee,2022-03-16,1e48d4fc-ca77-4dd1-b927-68ea77611014,2022-03-22,30,0.5,057ed4f6-bed8-4ca0-9bd3-a1fc44d17629,270,1500000.0,0.0,11200.0,11200.0,0.114,1d881bc8-79a4-44ea-a737-0a81682ebca3,0,fixed-payments,working-capital,1,1,2022-04-21,0.0,0.0,0.0,0.0,0.0,0.0,0.0,0.0,0.0,0.0,0.0,0.0,0.0,0.0,0.0,0.0,0.0,0.0,0.0,0.0,0.0,0.0,0.0,0.0,0.0,0.0,0.0,0.0,0.0,0.0
223,54b56204-76aa-4df1-b7e1-5528b6fe4dff,2022-03-19,3fe628d9-2c61-480a-838e-42698e7a795d,2022-03-29,30,0.3,ec08debb-0ea6-43fd-a1de-38c0a428301b,150,1000000.0,0.24,3900.0,5100.0,0.105,0,0,revenue-based-capped,working-capital,2,1,2022-04-28,0.0,0.0,0.0,0.0,0.0,0.0,0.0,0.0,0.0,0.0,0.0,0.0,0.0,0.0,0.0,0.0,0.0,0.0,0.0,0.0,0.0,0.0,0.0,0.0,0.0,0.0,0.0,0.0,0.0,0.0
224,57d6cfe9-e1fe-4f00-b0d1-cb1cc68c6516,2022-03-31,656583a6-47fa-4164-9369-3e70f91b03ba,2022-04-08,45,0.5,16d9af2e-7073-40c4-ac28-2f9122969d9f,150,12000000.0,0.0,108650.0,108650.0,0.0745,0,0,fixed-payments,working-capital,1,1,2022-05-23,0.0,0.0,0.0,0.0,0.0,0.0,0.0,0.0,0.0,0.0,0.0,0.0,0.0,0.0,0.0,0.0,0.0,0.0,0.0,0.0,0.0,0.0,0.0,0.0,0.0,0.0,0.0,0.0,0.0,0.0
225,3960d1ce-1931-4ff2-be02-53a922a8ba1a,2022-03-25,c6530cf1-6942-4341-aa7a-36dfa3514de8,2022-03-28,30,1.0,678be84e-24b5-4ca0-83cc-d83bfa5bcf06,150,16000000.0,0.0,144133.0,144133.0,0.081,0,0,fixed-payments,working-capital,2,1,2022-04-27,0.0,0.0,0.0,0.0,0.0,0.0,0.0,0.0,0.0,0.0,0.0,0.0,0.0,0.0,0.0,0.0,0.0,0.0,0.0,0.0,0.0,0.0,0.0,0.0,0.0,0.0,0.0,0.0,0.0,0.0
226,a742ca3f-04d9-4f8a-b705-ed7f98638c12,2022-06-28,3afec9ad-2f8b-4252-9a8b-0fb607a4292b,2022-07-14,30,0.4,afd8a076-8060-4c28-b6c6-80a61a81dcb3,270,1500000.0,0.0,7100.0,7100.0,0.119,0,rp,fixed-payments,working-capital,1,1,2022-08-13,0.0,0.0,0.0,0.0,0.0,0.0,0.0,0.0,0.0,0.0,0.0,0.0,0.0,0.0,0.0,0.0,0.0,0.0,0.0,0.0,0.0,0.0,0.0,0.0,0.0,0.0,0.0,0.0,0.0,0.0
228,5e6088ef-7495-4c95-9007-43f21a8fd83a,2022-06-29,a9433c93-d246-42c5-8f9f-5a946dc77a3e,2022-07-08,30,0.4,c9d72e57-6007-4488-a806-30285b818091,270,900000.0,0.0,4290.0,4290.0,0.125,0,rp,fixed-payments,working-capital,2,1,2022-08-07,0.0,0.0,0.0,0.0,0.0,0.0,0.0,0.0,0.0,0.0,0.0,0.0,0.0,0.0,0.0,0.0,0.0,0.0,0.0,0.0,0.0,0.0,0.0,0.0,0.0,0.0,0.0,0.0,0.0,0.0
230,169b37b4-07e9-463c-8dfa-c94739eb3708,2022-04-13,9737c777-fd37-4aba-a2ab-81f982b32589,2022-04-18,30,1.0,5e476a7d-81c6-4ff0-8f31-9cb54fdc44de,180,3000000.0,0.35,27100.0,35000.0,0.109,343476c8-3115-4d4f-a8e6-2d7245f3e5e3,rp,revenue-based-capped,working-capital,1,1,2022-05-18,0.0,0.0,0.0,0.0,0.0,0.0,0.0,0.0,0.0,0.0,0.0,0.0,0.0,0.0,0.0,0.0,0.0,0.0,0.0,0.0,0.0,0.0,0.0,0.0,0.0,0.0,0.0,0.0,0.0,0.0
232,fd65cee7-b28d-4bc0-8c93-44cce1af525d,2022-06-30,67022d7b-3c90-40fb-aec8-85a36001bdbd,2022-07-12,30,0.4,be7388b1-1c53-4a12-aafd-16adb5a891e9,360,600000.0,0.21909489227486,4350.0,6600.0,0.12,5682ee80-14b9-4566-9743-ebcd0e8465f7,rp,revenue-based-capped,working-capital,4,1,2022-08-11,0.0,0.0,0.0,0.0,0.0,0.0,0.0,0.0,0.0,0.0,0.0,0.0,0.0,0.0,0.0,0.0,0.0,0.0,0.0,0.0,0.0,0.0,0.0,0.0,0.0,0.0,0.0,0.0,0.0,0.0
235,4c1060ab-f481-4699-a87b-9feb60fe3524,2022-06-29,4739ef41-2326-456b-a540-e34d7cc908a8,2022-07-04,30,0.25,f9cf670a-b458-4ab3-84f2-9fc88b393a14,390,2500000.0,0.3,14500.0,18000.0,0.1,f1ee508f-7920-41ed-8cea-715147588629,rp,revenue-based-capped,working-capital,1,1,2022-08-03,0.0,0.0,0.0,0.0,0.0,0.0,0.0,0.0,0.0,0.0,0.0,0.0,0.0,0.0,0.0,0.0,0.0,0.0,0.0,0.0,0.0,0.0,0.0,0.0,0.0,0.0,0.0,0.0,0.0,0.0
236,49aba302-4281-4432-a7fc-1188901c920b,2022-06-30,bfc59046-f957-4e25-a1ed-2d3dff42ea48,2022-07-12,60,0.34,02a0a6f3-11c8-4063-a430-724233f91068,300,5000000.0,0.0,23610.0,23610.0,0.115,0,rp,fixed-payments,working-capital,1,1,2022-09-10,0.0,0.0,0.0,0.0,0.0,0.0,0.0,0.0,0.0,0.0,0.0,0.0,0.0,0.0,0.0,0.0,0.0,0.0,0.0,0.0,0.0,0.0,0.0,0.0,0.0,0.0,0.0,0.0,0.0,0.0
238,ac3cecf8-6ed5-4651-9d51-c5e3ac23bcab,2022-07-06,b5ba51c5-c829-492f-a7ee-51864f8fcd64,2022-07-08,30,0.25,0f201000-5ebb-4504-b44c-e20be9843632,390,6000000.0,0.25,32000.0,36000.0,0.1,59b4b0d2-5dbc-45e3-bf8a-2dab9cb2636a,rp,revenue-based-capped,working-capital,2,1,2022-08-07,0.0,0.0,0.0,0.0,0.0,0.0,0.0,0.0,0.0,0.0,0.0,0.0,0.0,0.0,0.0,0.0,0.0,0.0,0.0,0.0,0.0,0.0,0.0,0.0,0.0,0.0,0.0,0.0,0.0,0.0
239,f5d1658b-a16a-4ab0-b5ac-5ecc7b1ab32c,2022-07-06,a395b737-00e3-404f-8050-8901c3ccfc16,2022-07-08,30,0.65,d9ce77da-4062-48e6-b9e1-081c4fab64a9,390,700000.0,0.128364476993284,6300.0,7900.0,0.112,06a718fd-062f-4f1c-97bc-41be73d5613c,rp,revenue-based-capped,working-capital,2,1,2022-08-07,0.0,0.0,0.0,0.0,0.0,0.0,0.0,0.0,0.0,0.0,0.0,0.0,0.0,0.0,0.0,0.0,0.0,0.0,0.0,0.0,0.0,0.0,0.0,0.0,0.0,0.0,0.0,0.0,0.0,0.0
240,fd8c7055-36dd-4369-b4d5-70531df27e68,2022-07-13,fc217efb-1a75-421a-8d11-d58dcb424558,2022-07-18,30,0.5,215fe105-9561-483a-b937-a3e18986ae90,420,700000.0,0.25,5500.0,6200.0,0.118,5e839a1e-76bf-4e8a-b4c2-091af13117b1,rp,revenue-based-capped,working-capital,1,1,2022-08-17,0.0,0.0,0.0,0.0,0.0,0.0,0.0,0.0,0.0,0.0,0.0,0.0,0.0,0.0,0.0,0.0,0.0,0.0,0.0,0.0,0.0,0.0,0.0,0.0,0.0,0.0,0.0,0.0,0.0,0.0
242,36896a2c-cc30-42d7-a43f-b7a179ed9bed,2022-07-08,fc054669-1734-4e44-a47c-e344302f8e17,2022-07-27,45,0.5,6fc503b3-eca2-47e6-94eb-958dfd150a75,420,5000000.0,0.0,39500.0,39500.0,0.119,85ede5a6-7cf2-43f7-b0ac-289e2c47e5b9,rp,fixed-payments,working-capital,1,1,2022-09-10,0.0,0.0,0.0,0.0,0.0,0.0,0.0,0.0,0.0,0.0,0.0,0.0,0.0,0.0,0.0,0.0,0.0,0.0,0.0,0.0,0.0,0.0,0.0,0.0,0.0,0.0,0.0,0.0,0.0,0.0
245,84c7597b-3540-4ee1-a011-1362a97053ed,2020-12-29,3440eb09-2eb6-476e-bbea-c8bbdd8f146e,2020-12-30,30,0.22,3a8f05a0-9490-4dd6-8e9c-cff258a79e23,360,5055470.0,0.088,19790.55,24866.68,0.11,0,0,revenue-based-capped,working-capital,1,1,2021-01-29,0.0,0.0,0.0,0.0,0.0,0.0,0.0,0.0,0.0,0.0,0.0,0.0,0.0,0.0,0.0,0.0,0.0,0.0,0.0,0.0,0.0,0.0,0.0,0.0,0.0,0.0,0.0,0.0,0.0,0.0
249,84839726-3c4d-47ea-80ed-dd482e99e4bc,2021-02-01,7cf40ac6-9a2d-4455-a6a2-149b8fb3d8da,2021-02-04,30,0.25,4912bbb3-1d53-4d8b-bf0d-73c1b32ef783,360,50325.0,0.069,172.73,213.98,0.155,0,0,revenue-based-capped,working-capital,1,1,2021-03-06,0.0,0.0,0.0,0.0,0.0,0.0,0.0,0.0,0.0,0.0,0.0,0.0,0.0,0.0,0.0,0.0,0.0,0.0,0.0,0.0,0.0,0.0,0.0,0.0,0.0,0.0,0.0,0.0,0.0,0.0
255,a3a56341-ec2c-4320-a2a4-2b58cc7dfda5,2021-03-04,8e60ab46-986d-49af-9a10-9990bb0ea832,2021-03-11,30,0.3333,d3d89593-7dd1-4d4f-94ba-8a3ff827185c,300,610004.0,0.235,2450.0,2990.0,0.12,0,0,revenue-based-capped,working-capital,1,1,2021-04-10,0.0,0.0,0.0,0.0,0.0,0.0,0.0,0.0,0.0,0.0,0.0,0.0,0.0,0.0,0.0,0.0,0.0,0.0,0.0,0.0,0.0,0.0,0.0,0.0,0.0,0.0,0.0,0.0,0.0,0.0
256,a2e3a746-d4fe-40fa-821a-aee8a3c23506,2021-03-08,d9b8dbfc-93ae-466b-8d90-b8fa2c714e5c,2021-03-22,30,0.3333,470e1916-f77e-4adb-8bce-b3f50192fbda,300,1140495.0,0.068,4352.32,5479.61,0.12,0,,revenue-based-capped,working-capital,2,1,2021-04-21,0.0,0.0,0.0,0.0,0.0,0.0,0.0,0.0,0.0,0.0,0.0,0.0,0.0,0.0,0.0,0.0,0.0,0.0,0.0,0.0,0.0,0.0,0.0,0.0,0.0,0.0,0.0,0.0,0.0,0.0
257,43740e94-f362-46aa-bdc4-75fbca1c12ee,2021-03-23,2d2581a8-4094-49a0-8d4a-7b31f2cc6818,2021-04-06,30,0.3333,89fca8c5-cd7a-443a-b3d7-b87a97ea0d20,300,160792.0,0.085,679.0,899.0,0.13,0,0,revenue-based-capped,working-capital,1,1,2021-05-06,0.0,0.0,0.0,0.0,0.0,0.0,0.0,0.0,0.0,0.0,0.0,0.0,0.0,0.0,0.0,0.0,0.0,0.0,0.0,0.0,0.0,0.0,0.0,0.0,0.0,0.0,0.0,0.0,0.0,0.0
262,ba830457-c1b1-48c6-b58b-61d1a5075016,2021-04-20,6e2908d7-962e-4be0-a316-2c4f69416c40,2021-06-16,30,0.3333,b97044da-4908-47af-a309-99f075f13402,270,3743001.0,0.245,17299.0,22470.0,0.081,0,,revenue-based-capped,working-capital,4,1,2021-07-16,0.0,0.0,0.0,0.0,0.0,0.0,0.0,0.0,0.0,0.0,0.0,0.0,0.0,0.0,0.0,0.0,0.0,0.0,0.0,0.0,0.0,0.0,0.0,0.0,0.0,0.0,0.0,0.0,0.0,0.0
263,f416c8d8-de5b-4812-9747-c2ec1f6aecb8,2021-04-23,2064e546-cb4b-42a6-ba20-be193a941ba3,2021-04-30,30,0.35,99ce0771-79d4-4dd9-8e90-f08acaaf1fdf,330,603728.0,0.092,2300.0,2600.0,0.12,0,,revenue-based-capped,working-capital,1,1,2021-05-30,0.0,0.0,0.0,0.0,0.0,0.0,0.0,0.0,0.0,0.0,0.0,0.0,0.0,0.0,0.0,0.0,0.0,0.0,0.0,0.0,0.0,0.0,0.0,0.0,0.0,0.0,0.0,0.0,0.0,0.0
264,e6f4ffcb-6402-469e-9819-044dbb77b00e,2021-04-26,59eff6b7-639e-48cb-96c1-6940e6c70b8a,2021-05-07,30,0.46,b3a06af5-72dc-43e7-acd6-7755e8d7679b,270,309439.0,0.045,1912.66,1912.66,0.12,0,0,revenue-based-capped,working-capital,1,1,2021-06-06,0.0,0.0,0.0,0.0,0.0,0.0,0.0,0.0,0.0,0.0,0.0,0.0,0.0,0.0,0.0,0.0,0.0,0.0,0.0,0.0,0.0,0.0,0.0,0.0,0.0,0.0,0.0,0.0,0.0,0.0
266,76b172ec-4b5e-4779-b048-4b1c112a2db6,2021-04-29,e8b94d3b-9e55-4b40-9dcc-d26883a6d235,2021-06-09,30,0.3333,80a8effb-2d58-405c-8ec4-bbac97b1e694,300,715963.0,0.18,2735.0,3566.0,0.147,0,0,revenue-based-capped,working-capital,1,1,2021-07-09,0.0,0.0,0.0,0.0,0.0,0.0,0.0,0.0,0.0,0.0,0.0,0.0,0.0,0.0,0.0,0.0,0.0,0.0,0.0,0.0,0.0,0.0,0.0,0.0,0.0,0.0,0.0,0.0,0.0,0.0
268,c1e5427c-659b-4f22-846a-ff5aa307a254,2021-04-30,d1b258d1-9f86-4139-b9ce-de1d33e3434f,2021-06-01,30,0.25,a71ca292-f692-44e1-a470-c2275c2eecac,300,804592.0,0.05,2879.0,3645.0,0.11,0,0,revenue-based-capped,working-capital,1,1,2021-07-01,0.0,0.0,0.0,0.0,0.0,0.0,0.0,0.0,0.0,0.0,0.0,0.0,0.0,0.0,0.0,0.0,0.0,0.0,0.0,0.0,0.0,0.0,0.0,0.0,0.0,0.0,0.0,0.0,0.0,0.0
269,3c16aa75-2677-4a55-ba11-e0709bb3bdc9,2021-04-30,2dfdd356-5cd4-44c2-8387-3b55f7cb75db,2021-05-17,30,0.25,302f9a0b-9fac-440b-a0ed-de681a055416,330,252612.0,0.09,903.0,1145.0,0.14,0,,revenue-based-capped,working-capital,1,1,2021-06-16,0.0,0.0,0.0,0.0,0.0,0.0,0.0,0.0,0.0,0.0,0.0,0.0,0.0,0.0,0.0,0.0,0.0,0.0,0.0,0.0,0.0,0.0,0.0,0.0,0.0,0.0,0.0,0.0,0.0,0.0
274,3aaa4071-fdea-4e81-9726-c0e9591dde2e,2021-05-10,4aa416b8-a0da-48b1-b4a1-92dec7fb9a34,2021-05-13,30,0.35,824b6efa-15de-44d7-bf5c-dcb7eabdea77,300,230448.0,0.233,880.0,1165.0,0.157,0,,revenue-based-capped,working-capital,1,1,2021-06-12,0.0,0.0,0.0,0.0,0.0,0.0,0.0,0.0,0.0,0.0,0.0,0.0,0.0,0.0,0.0,0.0,0.0,0.0,0.0,0.0,0.0,0.0,0.0,0.0,0.0,0.0,0.0,0.0,0.0,0.0
275,27f42f3d-b09c-409a-8280-6d60a3e0c0a8,2021-05-24,97503d87-af9f-4295-8aac-185eb228a0f3,2021-06-15,30,0.25,df1eab02-bec5-4413-8816-ae33b1dc2715,360,2303529.0,0.25,8315.0,10550.0,0.12,0,,revenue-based-capped,working-capital,1,1,2021-07-15,0.0,0.0,0.0,0.0,0.0,0.0,0.0,0.0,0.0,0.0,0.0,0.0,0.0,0.0,0.0,0.0,0.0,0.0,0.0,0.0,0.0,0.0,0.0,0.0,0.0,0.0,0.0,0.0,0.0,0.0
282,e82d34fe-37ed-46d4-a58b-9e8bb2389ddc,2021-06-16,691e494a-dc5e-4845-8f31-9721dc4fe6ca,2021-06-18,30,0.4,26f6fd58-66de-41c3-a422-804522a6057d,240,7000000.0,0.27,21600.0,31500.0,0.133,0,,revenue-based-capped,working-capital,2,1,2021-07-18,0.0,0.0,0.0,0.0,0.0,0.0,0.0,0.0,0.0,0.0,0.0,0.0,0.0,0.0,0.0,0.0,0.0,0.0,0.0,0.0,0.0,0.0,0.0,0.0,0.0,0.0,0.0,0.0,0.0,0.0
286,e1124579-3108-4966-88eb-bc9fc2049681,2021-06-29,e016085b-6f9d-4dd9-9812-3516d885b9ca,2021-07-02,30,0.27,dc150bfa-efdf-446f-ad25-ad06908abb13,180,750000.0,0.188,2700.0,3300.0,0.12,0,,revenue-based-capped,working-capital,2,1,2021-08-01,0.0,0.0,0.0,0.0,0.0,0.0,0.0,0.0,0.0,0.0,0.0,0.0,0.0,0.0,0.0,0.0,0.0,0.0,0.0,0.0,0.0,0.0,0.0,0.0,0.0,0.0,0.0,0.0,0.0,0.0
288,2969e88e-3996-496b-8c4c-1bd0a1b670a2,2021-06-30,4f4e5a1d-60c9-4fe7-ab7f-ecef8cd7cc06,2021-07-29,30,0.3333,cb64900b-af8c-46e1-8baf-29504e94f300,240,1069873.0,0.05,3650.0,4800.0,0.12,0,,revenue-based-capped,working-capital,1,1,2021-08-28,0.0,0.0,0.0,0.0,0.0,0.0,0.0,0.0,0.0,0.0,0.0,0.0,0.0,0.0,0.0,0.0,0.0,0.0,0.0,0.0,0.0,0.0,0.0,0.0,0.0,0.0,0.0,0.0,0.0,0.0
289,375f948f-7176-40d7-a348-f8fe78800c13,2021-07-08,8e60ab46-986d-49af-9a10-9990bb0ea832,2021-07-21,30,1.0,54b78058-fa41-47f0-976b-82e330c71bda,210,200000.0,0.235,2990.0,3600.0,0.12,a3a56341-ec2c-4320-a2a4-2b58cc7dfda5,,revenue-based-capped,working-capital,1,1,2021-08-20,0.0,0.0,0.0,0.0,0.0,0.0,0.0,0.0,0.0,0.0,0.0,0.0,0.0,0.0,0.0,0.0,0.0,0.0,0.0,0.0,0.0,0.0,0.0,0.0,0.0,0.0,0.0,0.0,0.0,0.0
291,7c5ef068-243e-4f0a-b5a2-76478bae5611,2021-07-14,8af95fc4-ddfe-40dc-8137-4dce775a60ea,2021-07-22,30,0.5,3a4457d4-0b7b-4ac9-8b67-db3ebadd5b5b,240,100000.0,0.031,450.0,450.0,0.15,0,,fixed-payments,working-capital,1,1,2021-08-21,0.0,0.0,0.0,0.0,0.0,0.0,0.0,0.0,0.0,0.0,0.0,0.0,0.0,0.0,0.0,0.0,0.0,0.0,0.0,0.0,0.0,0.0,0.0,0.0,0.0,0.0,0.0,0.0,0.0,0.0
293,9a5506d7-4873-4190-a61e-dd75aa3dded8,2021-07-15,448230fc-7892-41ae-9e1b-4214af5f92ec,2021-07-20,30,0.33333,c0eae688-7278-4f40-96ed-3341a0722627,210,3000000.0,0.25,12200.0,15500.0,0.109,0,,revenue-based-capped,working-capital,1,1,2021-08-19,0.0,0.0,0.0,0.0,0.0,0.0,0.0,0.0,0.0,0.0,0.0,0.0,0.0,0.0,0.0,0.0,0.0,0.0,0.0,0.0,0.0,0.0,0.0,0.0,0.0,0.0,0.0,0.0,0.0,0.0
298,2973b449-a97e-429e-b7a3-e223935ab57c,2021-07-30,f61b3749-9642-4a40-9414-14d631f8a506,2021-08-17,30,0.3333,5cbd88a6-fb3f-4326-8927-24e23332f343,210,300000.0,0.094,1300.0,1300.0,0.146,0,,fixed-payments,working-capital,2,1,2021-09-16,0.0,0.0,0.0,0.0,0.0,0.0,0.0,0.0,0.0,0.0,0.0,0.0,0.0,0.0,0.0,0.0,0.0,0.0,0.0,0.0,0.0,0.0,0.0,0.0,0.0,0.0,0.0,0.0,0.0,0.0
299,69e735d7-bf91-4efb-95dd-5a14b57c10f6,2021-07-08,5474268b-8ade-40fa-abab-a498579fd98a,2021-07-12,60,0.5,e3881272-89c1-4593-92cd-04b2d6d8ac2e,360,20000000.0,0.11,186413.79,202093.46,0.07,0,,revenue-based-capped,working-capital,1,1,2021-09-10,0.0,0.0,0.0,0.0,0.0,0.0,0.0,0.0,0.0,0.0,0.0,0.0,0.0,0.0,0.0,0.0,0.0,0.0,0.0,0.0,0.0,0.0,0.0,0.0,0.0,0.0,0.0,0.0,0.0,0.0
300,846bc4d3-cc1c-4d3a-88f5-aefb0c42054c,2021-08-02,96cc7cac-dc6f-40a9-aba4-76e389ad3e26,2021-08-17,30,0.3333,2e014f92-d4bc-4f41-9be5-0726e2157624,210,400000.0,0.16,1550.0,1950.0,0.14,0,,revenue-based-capped,working-capital,1,1,2021-09-16,0.0,0.0,0.0,0.0,0.0,0.0,0.0,0.0,0.0,0.0,0.0,0.0,0.0,0.0,0.0,0.0,0.0,0.0,0.0,0.0,0.0,0.0,0.0,0.0,0.0,0.0,0.0,0.0,0.0,0.0
305,e81c18ec-dcb6-4812-817e-9cfee4d9a58f,2021-08-10,2d2581a8-4094-49a0-8d4a-7b31f2cc6818,2021-08-30,30,0.5,0fdfd409-19e2-4845-a721-45bcc0393442,240,310000.0,0.3,1390.0,1890.0,0.155,43740e94-f362-46aa-bdc4-75fbca1c12ee,0,revenue-based-capped,working-capital,1,1,2021-09-29,0.0,0.0,0.0,0.0,0.0,0.0,0.0,0.0,0.0,0.0,0.0,0.0,0.0,0.0,0.0,0.0,0.0,0.0,0.0,0.0,0.0,0.0,0.0,0.0,0.0,0.0,0.0,0.0,0.0,0.0
307,8700a52e-806b-440e-b98f-63316476c593,2021-08-12,82c1c737-51e0-41eb-9481-9a4b3cef4dd6,2021-08-17,30,0.45,db79b34e-ce23-4be2-97cc-b4fc92a9504a,180,500000.0,0.23,2350.0,3000.0,0.13,0,,revenue-based-capped,working-capital,1,1,2021-09-16,0.0,0.0,0.0,0.0,0.0,0.0,0.0,0.0,0.0,0.0,0.0,0.0,0.0,0.0,0.0,0.0,0.0,0.0,0.0,0.0,0.0,0.0,0.0,0.0,0.0,0.0,0.0,0.0,0.0,0.0
309,ffaa7f15-3efd-4cf4-bfb2-e93cbaba4f1e,2021-08-16,087f9608-8f97-48ae-8ee4-a0b8a3cea8e9,2021-08-20,30,0.35,232d104d-1078-4d17-8001-74972faf4123,210,650000.0,0.35,2600.0,3400.0,0.139,0,,revenue-based-capped,working-capital,3,1,2021-09-19,0.0,0.0,0.0,0.0,0.0,0.0,0.0,0.0,0.0,0.0,0.0,0.0,0.0,0.0,0.0,0.0,0.0,0.0,0.0,0.0,0.0,0.0,0.0,0.0,0.0,0.0,0.0,0.0,0.0,0.0
311,cb78ab30-fc1e-4d82-905d-019e10d1264f,2021-08-31,045d38cc-1f3c-40ba-a949-1669abbf5f22,2021-10-01,30,0.26,6ec5e0c0-68d0-4455-89eb-959a6559cbaa,180,730000.0,0.17,2800.0,3500.0,0.125,0,,revenue-based-capped,working-capital,1,1,2021-10-31,0.0,0.0,0.0,0.0,0.0,0.0,0.0,0.0,0.0,0.0,0.0,0.0,0.0,0.0,0.0,0.0,0.0,0.0,0.0,0.0,0.0,0.0,0.0,0.0,0.0,0.0,0.0,0.0,0.0,0.0
312,aa7ba6b9-240c-419a-9c92-6f254049e657,2021-08-31,424db1e7-26fe-4dda-bfcc-7ab59fe95040,2021-09-17,30,0.3333,02a86214-cb6e-42ce-8887-8d16542bbffc,210,882000.0,0.2,3350.0,4300.0,0.13,0,,revenue-based-capped,working-capital,3,1,2021-10-17,0.0,0.0,0.0,0.0,0.0,0.0,0.0,0.0,0.0,0.0,0.0,0.0,0.0,0.0,0.0,0.0,0.0,0.0,0.0,0.0,0.0,0.0,0.0,0.0,0.0,0.0,0.0,0.0,0.0,0.0
315,2118376c-f24e-4d46-bbdb-a182b1b74e3c,2021-09-06,3b1d1419-bd42-4c08-b110-90f498f0ee73,2021-09-14,30,0.3333,a7d0b43e-c2db-4501-8f3c-cf7a7f4c309e,210,4400000.0,0.15,14500.0,19000.0,0.123,0,,revenue-based-capped,working-capital,1,1,2021-10-14,0.0,0.0,0.0,0.0,0.0,0.0,0.0,0.0,0.0,0.0,0.0,0.0,0.0,0.0,0.0,0.0,0.0,0.0,0.0,0.0,0.0,0.0,0.0,0.0,0.0,0.0,0.0,0.0,0.0,0.0
316,d0bf5edd-55ec-446c-9b75-11d90b8cd252,2021-09-10,fffa4f13-1c84-4eff-97ec-30065f0c430b,2021-09-21,30,0.3,d269a71d-1694-488e-8d55-3aa595ca5e40,180,920000.0,0.363,3900.0,3900.0,0.12,0,,fixed-payments,working-capital,1,1,2021-10-21,0.0,0.0,0.0,0.0,0.0,0.0,0.0,0.0,0.0,0.0,0.0,0.0,0.0,0.0,0.0,0.0,0.0,0.0,0.0,0.0,0.0,0.0,0.0,0.0,0.0,0.0,0.0,0.0,0.0,0.0
317,5c02a61f-e7d7-4181-bab0-f81508e051fa,2021-09-14,c6530cf1-6942-4341-aa7a-36dfa3514de8,2021-09-15,30,1.0,aeceed09-389e-409b-bf19-918f1b3c1b92,120,14000000.0,0.0,165480.0,165480.0,0.0638,0,,fixed-payments,working-capital,2,1,2021-10-15,0.0,0.0,0.0,0.0,0.0,0.0,0.0,0.0,0.0,0.0,0.0,0.0,0.0,0.0,0.0,0.0,0.0,0.0,0.0,0.0,0.0,0.0,0.0,0.0,0.0,0.0,0.0,0.0,0.0,0.0
318,fd2d90a5-5811-4825-8439-61092fc035f8,2021-09-17,e9f5ee06-9029-4a49-923f-995829b39b8c,2021-09-20,30,0.5,0afa21ec-3cd0-4a0e-b277-32f6868acc6a,120,3000000.0,0.081,21640.0,21640.0,0.07,0,,fixed-payments,working-capital,3,1,2021-10-20,0.0,0.0,0.0,0.0,0.0,0.0,0.0,0.0,0.0,0.0,0.0,0.0,0.0,0.0,0.0,0.0,0.0,0.0,0.0,0.0,0.0,0.0,0.0,0.0,0.0,0.0,0.0,0.0,0.0,0.0
319,a31be1b4-5424-4eb2-b3d1-ca4c7d88cbf5,2021-10-01,97503d87-af9f-4295-8aac-185eb228a0f3,2021-10-18,30,0.5,936d0fd6-7b4e-4b48-bb7f-27a963859547,270,2000000.0,0.0,16200.0,16200.0,0.12,27f42f3d-b09c-409a-8280-6d60a3e0c0a8,,fixed-payments,working-capital,1,1,2021-11-17,0.0,0.0,0.0,0.0,0.0,0.0,0.0,0.0,0.0,0.0,0.0,0.0,0.0,0.0,0.0,0.0,0.0,0.0,0.0,0.0,0.0,0.0,0.0,0.0,0.0,0.0,0.0,0.0,0.0,0.0
320,99732239-8af9-47bf-9299-a9eac56ce8a7,2021-10-13,5474268b-8ade-40fa-abab-a498579fd98a,2021-10-19,60,0.5,147cb2ae-72bd-46e2-aa82-a5552a1c508a,180,25000000.0,0.048,225250.0,225250.0,0.07,0,,fixed-payments,working-capital,1,1,2021-12-18,0.0,0.0,0.0,0.0,0.0,0.0,0.0,0.0,0.0,0.0,0.0,0.0,0.0,0.0,0.0,0.0,0.0,0.0,0.0,0.0,0.0,0.0,0.0,0.0,0.0,0.0,0.0,0.0,0.0,0.0
323,93cb3e12-ae82-492d-af74-da507672e0e0,2021-10-26,31755056-f575-470a-bb82-dbaf94bf48e8,2021-10-29,60,0.5,3513e4e9-90ea-4294-a4cd-0747f59f7b5b,120,22000000.0,0.25,199283.33,199283.33,0.075,0,,fixed-payments,working-capital,1,1,2021-12-28,0.0,0.0,0.0,0.0,0.0,0.0,0.0,0.0,0.0,0.0,0.0,0.0,0.0,0.0,0.0,0.0,0.0,0.0,0.0,0.0,0.0,0.0,0.0,0.0,0.0,0.0,0.0,0.0,0.0,0.0
